symbol,token,action,entry_date,position_size,capital_used,exit_date,exit_price,result,pnl_per_share,pnl_total,holding_days
BHEL-EQ,438,BUY,2025-04-15,45,9810.0,2025-04-16,222.518,SL,4.518000000000001,203.31000000000003,1
SUPREMEIND-EQ,3363,BUY,2025-04-17,2,6834.0,2025-04-25,3417.0,T1_SL,0.0,0.0,8
BPCL-EQ,526,BUY,2025-04-16,33,9758.1,2025-04-17,296.432,SL,0.7320000000000277,24.156000000000915,1
SJVN-EQ,18883,BUY,2025-04-16,105,9917.25,2025-04-17,97.873,SL,3.423000000000002,359.4150000000002,1
TATAPOWER-EQ,3426,BUY,2025-04-16,26,9895.6,2025-04-17,382.18,SL,1.579999999999984,41.079999999999586,1
ABFRL-EQ,30108,BUY,2025-04-16,103,9927.14,2025-04-25,96.2434,SL,-0.1366000000000014,-14.069800000000143,9
PNB-EQ,10666,BUY,2025-04-16,101,9927.29,2025-04-17,99.813,SL,1.5229999999999961,153.8229999999996,1
UPL-EQ,11287,BUY,2025-04-15,15,9690.0,2025-04-16,660.57,SL,14.57000000000005,218.55000000000075,1
SRF-EQ,3273,BUY,2025-04-15,3,8904.0,2025-04-25,2968.0,T1_SL,0.0,0.0,10
BANKINDIA-EQ,4745,BUY,2025-04-15,91,9937.2,2025-04-16,114.654,SL,5.4539999999999935,496.3139999999994,1
MAZDOCK-EQ,509,BUY,2025-04-16,3,8094.0,2025-04-23,2753.0,T2_SL,55.0,165.0,7
GAIL-EQ,4717,BUY,2025-04-16,55,9944.0,2025-04-25,186.74,MKT,5.939999999999998,326.6999999999999,9
COCHINSHIP-EQ,21508,BUY,2025-04-15,6,8646.0,2025-04-16,1454.03,SL,13.029999999999973,78.17999999999984,1
BEL-EQ,383,BUY,2025-04-17,33,9748.199999999999,2025-04-21,297.402,SL,2.0020000000000095,66.06600000000032,4
TORNTPOWER-EQ,13786,BUY,2025-04-15,6,9414.0,2025-04-25,1521.93,SL,-47.069999999999936,-282.4199999999996,10
ADANIPORTS-EQ,15083,BUY,2025-04-15,8,9688.0,2025-04-25,1189.22,SL,-21.779999999999973,-174.23999999999978,10
EXIDEIND-EQ,676,BUY,2025-04-15,26,9742.199999999999,2025-04-17,371.995,SL,-2.704999999999984,-70.32999999999959,2
YESBANK-EQ,11915,BUY,2025-04-15,571,9986.789999999999,2025-04-25,18.04,T2_SL,0.5500000000000007,314.0500000000004,10
NHPC-EQ,17400,BUY,2025-04-15,117,9943.83,2025-04-16,88.1536,SL,3.1636000000000024,370.14120000000025,1
PFC-EQ,14299,BUY,2025-04-15,23,9761.199999999999,2025-04-17,419.816,SL,-4.584000000000003,-105.43200000000007,2
KALYANKJIL-EQ,2955,BUY,2025-04-16,19,9842.0,2025-04-17,519.92,SL,1.919999999999959,36.47999999999922,1
MFSL-EQ,2142,BUY,2025-04-15,8,9520.0,2025-04-16,1213.47,SL,23.470000000000027,187.76000000000022,1
SIEMENS-EQ,3150,BUY,2025-04-15,3,8232.0,2025-04-16,2816.88,SL,72.88000000000011,218.64000000000033,1
BAJAJ-AUTO-EQ,16669,BUY,2025-04-17,1,8040.0,2025-04-21,8045.18,SL,5.180000000000291,5.180000000000291,4
UNITDSPR-EQ,10447,BUY,2025-04-15,6,8904.0,2025-04-16,1504.47,SL,20.470000000000027,122.82000000000016,1
HAL-EQ,2303,BUY,2025-04-15,2,8286.0,2025-04-16,4208.83,SL,65.82999999999993,131.65999999999985,1
BAJAJHFL-EQ,25270,BUY,2025-04-16,79,9938.199999999999,2025-04-17,129.98,SL,4.179999999999993,330.2199999999994,1
INDUSTOWER-EQ,29135,BUY,2025-04-15,26,9755.199999999999,2025-04-16,386.836,SL,11.636000000000024,302.5360000000006,1
OFSS-EQ,10738,BUY,2025-04-15,1,7650.0,2025-04-16,8062.64,SL,412.6400000000003,412.6400000000003,1
NTPC-EQ,11630,BUY,2025-04-15,27,9760.5,2025-04-25,356.45,MKT,-5.050000000000011,-136.3500000000003,10
RELIANCE-EQ,2885,BUY,2025-04-15,8,9784.0,2025-04-16,1241.6,SL,18.59999999999991,148.79999999999927,1
RVNL-EQ,9552,BUY,2025-04-17,27,9981.9,2025-04-23,366.175,SL,-3.5249999999999773,-95.17499999999939,6
INDIANB-EQ,14309,BUY,2025-04-16,17,9486.0,2025-04-17,575.21,SL,17.210000000000036,292.5700000000006,1
POLYCAB-EQ,9590,BUY,2025-04-15,1,5179.0,2025-04-16,5401.93,SL,222.9300000000003,222.9300000000003,1
BDL-EQ,2144,BUY,2025-04-15,7,9695.0,2025-04-25,1413.6,MKT,28.59999999999991,200.19999999999936,10
PRESTIGE-EQ,20302,BUY,2025-04-15,8,9016.0,2025-04-16,1273.61,SL,146.6099999999999,1172.8799999999992,1
NYKAA-EQ,6545,BUY,2025-04-15,55,9966.0,2025-04-16,186.24,SL,5.0400000000000205,277.2000000000011,1
BOSCHLTD-EQ,2181,BUY,2025-04-16,0,0.0,2025-04-17,27092.1,SL,-72.90000000000146,-0.0,1
JSWSTEEL-EQ,11723,BUY,2025-04-15,10,9970.0,2025-04-16,1012.68,SL,15.67999999999995,156.7999999999995,1
MARICO-EQ,4067,BUY,2025-04-16,13,9360.0,2025-04-21,698.4,SL,-21.600000000000023,-280.8000000000003,5
MRF-EQ,2277,BUY,2025-04-15,0,0.0,2025-04-16,125241.55,SL,6491.550000000003,0.0,1
ZYDUSLIFE-EQ,7929,BUY,2025-04-15,11,9669.0,2025-04-16,852.63,SL,-26.370000000000005,-290.07000000000005,1
SOLARINDS-EQ,13332,BUY,2025-04-15,0,0.0,2025-04-16,12760.35,SL,1340.3500000000004,0.0,1
AUBANK-EQ,21238,BUY,2025-04-15,17,9622.0,2025-04-16,649.9,SL,83.89999999999998,1426.2999999999997,1
PHOENIXLTD-EQ,14552,BUY,2025-04-17,6,9684.0,2025-04-22,1614.0,T1_SL,0.0,0.0,5
HINDPETRO-EQ,1406,BUY,2025-04-16,25,9675.0,2025-04-25,379.561,SL,-7.439000000000021,-185.97500000000053,9
CIPLA-EQ,694,BUY,2025-04-16,6,8928.0,2025-04-17,1492.83,SL,4.829999999999927,28.979999999999563,1
OBEROIRLTY-EQ,20242,BUY,2025-04-15,6,9468.0,2025-04-16,1649.0,SL,71.0,426.0,1
ICICIPRULI-EQ,18652,BUY,2025-04-16,17,9792.0,2025-04-17,587.82,SL,11.82000000000005,200.94000000000085,1
HDFCLIFE-EQ,467,BUY,2025-04-15,14,9618.0,2025-04-16,703.25,SL,16.25,227.5,1
VMM-EQ,27969,BUY,2025-04-17,91,9900.8,2025-04-25,108.8,T1_SL,0.0,0.0,8
SBILIFE-EQ,21808,BUY,2025-04-15,6,9234.0,2025-04-16,1590.8,SL,51.799999999999955,310.7999999999997,1
JIOFIN-EQ,18143,BUY,2025-04-15,42,9907.800000000001,2025-04-16,252.006,SL,16.105999999999995,676.4519999999998,1
ADANIENSOL-EQ,10217,BUY,2025-04-15,11,9317.0,2025-04-16,920.53,SL,73.52999999999997,808.8299999999997,1
LTIM-EQ,17818,BUY,2025-04-21,2,8660.0,2025-04-22,4373.73,SL,43.72999999999956,87.45999999999913,1
IOC-EQ,1624,BUY,2025-04-15,75,9945.0,2025-04-25,134.2,T2_SL,1.5999999999999943,119.99999999999957,10
GODREJPROP-EQ,17875,BUY,2025-04-21,4,8136.0,2025-04-22,2036.03,SL,2.0299999999999727,8.11999999999989,1
ESCORTS-EQ,958,BUY,2025-04-15,3,9660.0,2025-04-16,3322.25,SL,102.25,306.75,1
APOLLOTYRE-EQ,163,BUY,2025-04-16,22,9693.2,2025-04-17,452.99,SL,12.389999999999986,272.5799999999997,1
ATGL-EQ,6066,BUY,2025-04-15,16,9616.0,2025-04-16,603.34,SL,2.340000000000032,37.44000000000051,1
PAYTM-EQ,6705,BUY,2025-04-22,11,9790.0,2025-04-23,874.94,SL,-15.059999999999945,-165.6599999999994,1
PAGEIND-EQ,14413,BUY,2025-04-15,0,0.0,2025-04-16,44566.65,SL,-183.34999999999854,-0.0,1
ADANIPOWER-EQ,17388,BUY,2025-04-15,18,9756.0,2025-04-16,544.17,SL,2.169999999999959,39.05999999999926,1
DIVISLAB-EQ,10940,BUY,2025-04-15,1,5625.0,2025-04-16,5790.9,SL,165.89999999999964,165.89999999999964,1
DLF-EQ,14732,BUY,2025-04-17,15,9990.0,2025-04-25,666.0,T1_SL,0.0,0.0,8
TIINDIA-EQ,312,BUY,2025-04-23,3,8043.0,2025-04-24,2723.76,SL,42.76000000000022,128.28000000000065,1
SONACOMS-EQ,4684,BUY,2025-04-23,21,9786.0,2025-04-24,473.36,SL,7.360000000000014,154.5600000000003,1
ADANIGREEN-EQ,3563,BUY,2025-04-16,10,9420.0,2025-04-23,927.32,SL,-14.67999999999995,-146.7999999999995,7
COFORGE-EQ,11543,BUY,2025-04-23,7,9884.0,2025-04-24,1457.91,SL,45.91000000000008,321.3700000000006,1
GODREJCP-EQ,10099,BUY,2025-04-23,8,9976.0,2025-04-28,1247.0,T1_SL,0.0,0.0,5
IGL-EQ,11262,BUY,2025-04-22,54,9882.0,2025-04-23,184.688,SL,1.6879999999999882,91.15199999999936,1
ETERNAL-EQ,5097,BUY,2025-04-15,45,9864.0,2025-04-16,229.017,SL,9.817000000000007,441.7650000000003,1
M&M-EQ,2031,BUY,2025-04-22,3,8322.0,2025-05-02,2926.2,MKT,152.19999999999982,456.59999999999945,10
MAXHEALTH-EQ,22377,BUY,2025-04-23,8,9104.0,2025-04-24,1103.86,SL,-34.1400000000001,-273.1200000000008,1
SBICARD-EQ,17971,BUY,2025-04-15,11,9427.0,2025-04-25,867.55,MKT,10.549999999999955,116.0499999999995,10
CUMMINSIND-EQ,1901,BUY,2025-04-15,3,8556.0,2025-04-25,2861.1,MKT,9.099999999999909,27.299999999999727,10
MUTHOOTFIN-EQ,23650,BUY,2025-04-22,4,8844.0,2025-04-25,2144.67,SL,-66.32999999999993,-265.3199999999997,3
PERSISTENT-EQ,18365,BUY,2025-04-22,1,5006.0,2025-04-23,5280.68,SL,274.6800000000003,274.6800000000003,1
HINDUNILVR-EQ,1394,BUY,2025-04-22,4,9584.0,2025-04-24,2364.86,SL,-31.139999999999873,-124.55999999999949,2
BIOCON-EQ,11373,BUY,2025-04-17,30,9951.0,2025-04-24,331.7,T1_SL,0.0,0.0,7
HYUNDAI-EQ,25844,BUY,2025-04-17,6,9960.0,2025-04-21,1657.73,SL,-2.269999999999982,-13.61999999999989,4
TATASTEEL-EQ,3499,BUY,2025-04-21,72,9936.0,2025-04-30,140.08,MKT,2.0800000000000125,149.7600000000009,9
HINDALCO-EQ,1363,BUY,2025-04-15,16,9728.0,2025-04-16,606.25,SL,-1.75,-28.0,1
APLAPOLLO-EQ,25780,BUY,2025-04-15,6,9198.0,2025-04-16,1555.88,SL,22.88000000000011,137.28000000000065,1
SHRIRAMFIN-EQ,4306,BUY,2025-04-15,15,9975.0,2025-04-16,675.12,SL,10.120000000000005,151.80000000000007,1
MOTHERSON-EQ,4204,BUY,2025-04-21,76,9880.0,2025-04-25,135.2,T2_SL,5.199999999999989,395.19999999999914,4
CHOLAFIN-EQ,685,BUY,2025-04-16,6,9480.0,2025-04-17,1581.1,SL,1.099999999999909,6.599999999999454,1
VOLTAS-EQ,3718,BUY,2025-04-22,7,9247.0,2025-04-24,1281.37,SL,-39.63000000000011,-277.41000000000076,2
POWERGRID-EQ,14977,BUY,2025-04-21,32,9932.8,2025-04-23,310.4,T1_SL,0.0,0.0,2
TATATECH-EQ,20293,BUY,2025-04-21,15,9855.0,2025-04-22,705.19,SL,48.190000000000055,722.8500000000008,1
KPITTECH-EQ,9683,BUY,2025-04-21,8,9360.0,2025-04-22,1238.69,SL,68.69000000000005,549.5200000000004,1
TATAELXSI-EQ,3411,BUY,2025-04-22,1,5396.0,2025-04-24,5743.0,T3,347.0,347.0,2
HCLTECH-EQ,7229,BUY,2025-04-16,6,8574.0,2025-04-17,1455.0,SL,26.0,156.0,1
ABCAPITAL-EQ,21614,BUY,2025-04-15,53,9964.0,2025-04-16,200.79,SL,12.789999999999992,677.8699999999995,1
BEL-EQ,383,BUY,2025-04-28,32,9811.2,2025-05-07,306.6,T1_SL,0.0,0.0,9
TATAMOTORS-EQ,3456,BUY,2025-04-21,15,9420.0,2025-04-22,652.81,SL,24.809999999999945,372.1499999999992,1
LT-EQ,11483,BUY,2025-04-21,3,9831.0,2025-04-22,3250.47,SL,-26.5300000000002,-79.5900000000006,1
BHARATFORG-EQ,422,BUY,2025-04-21,9,9702.0,2025-04-30,1104.2,MKT,26.200000000000045,235.8000000000004,9
BRITANNIA-EQ,547,BUY,2025-04-17,1,5442.0,2025-04-21,5382.53,SL,-59.470000000000255,-59.470000000000255,4
LUPIN-EQ,10440,BUY,2025-04-22,4,8120.0,2025-04-23,2035.06,SL,5.059999999999945,20.23999999999978,1
TITAN-EQ,3506,BUY,2025-04-17,3,9858.0,2025-04-25,3365.2,MKT,79.19999999999982,237.59999999999945,8
YESBANK-EQ,11915,BUY,2025-04-28,554,9994.16,2025-05-07,19.12,T2_SL,1.0800000000000018,598.3200000000011,9
CANBK-EQ,10794,BUY,2025-04-15,109,9962.6,2025-04-16,96.5053,SL,5.1053,556.4776999999999,1
SUPREMEIND-EQ,3363,BUY,2025-04-28,2,7008.0,2025-04-30,3504.0,T2_SL,0.0,0.0,2
KALYANKJIL-EQ,2955,BUY,2025-04-28,19,9842.0,2025-04-30,518.0,T1_SL,0.0,0.0,2
NATIONALUM-EQ,6364,BUY,2025-04-22,61,9894.199999999999,2025-04-25,157.334,SL,-4.8659999999999854,-296.8259999999991,3
TECHM-EQ,13538,BUY,2025-04-23,7,9772.0,2025-04-24,1459.85,SL,63.84999999999991,446.94999999999936,1
MANKIND-EQ,15380,BUY,2025-04-16,4,9800.0,2025-04-25,2557.5,MKT,107.5,430.0,9
SIEMENS-EQ,3150,BUY,2025-04-28,3,8712.0,2025-04-30,2972.0,T2_SL,68.0,204.0,2
INDUSTOWER-EQ,29135,BUY,2025-04-29,24,9876.0,2025-04-30,399.155,SL,-12.345000000000027,-296.28000000000065,1
VEDL-EQ,3063,BUY,2025-04-17,24,9648.0,2025-04-21,407.109,SL,5.1089999999999804,122.61599999999953,4
NMDC-EQ,15332,BUY,2025-04-17,151,9981.099999999999,2025-04-21,66.0958,SL,-0.004199999999997317,-0.6341999999995949,4
BOSCHLTD-EQ,2181,BUY,2025-04-29,0,0.0,2025-04-30,29682.0,SL,1057.0,0.0,1
HDFCAMC-EQ,4244,BUY,2025-04-15,2,8062.0,2025-04-16,4393.13,SL,362.1300000000001,724.2600000000002,1
OIL-EQ,17438,BUY,2025-04-15,27,9749.7,2025-04-16,394.596,SL,33.49599999999998,904.3919999999995,1
UNITDSPR-EQ,10447,BUY,2025-04-28,6,9306.0,2025-04-29,1540.36,SL,-10.6400000000001,-63.8400000000006,1
NAUKRI-EQ,13751,BUY,2025-04-21,7,9534.0,2025-04-22,1382.25,SL,20.25,141.75,1
POLICYBZR-EQ,6656,BUY,2025-04-24,5,8360.0,2025-04-25,1621.84,SL,-50.16000000000008,-250.8000000000004,1
MARICO-EQ,4067,BUY,2025-04-29,13,9399.0,2025-05-02,704.22,SL,-18.779999999999973,-244.13999999999965,3
PRESTIGE-EQ,20302,BUY,2025-04-29,7,9485.0,2025-05-06,1343.45,SL,-11.549999999999955,-80.84999999999968,7
ASHOKLEY-EQ,212,BUY,2025-04-15,47,9888.800000000001,2025-04-16,218.541,SL,8.140999999999991,382.6269999999996,1
EXIDEIND-EQ,676,BUY,2025-04-28,26,9713.6,2025-04-30,362.392,SL,-11.208000000000027,-291.4080000000007,2
BHEL-EQ,438,BUY,2025-04-28,45,9985.5,2025-05-06,221.9,T1_SL,0.0,0.0,8
AXISBANK-EQ,5900,BUY,2025-04-15,9,9918.0,2025-04-16,1163.03,SL,61.02999999999997,549.2699999999998,1
NYKAA-EQ,6545,BUY,2025-04-29,50,9850.0,2025-05-07,197.0,T1_SL,0.0,0.0,8
LTF-EQ,24948,BUY,2025-04-15,63,9928.8,2025-04-16,169.459,SL,11.859000000000009,747.1170000000005,1
ITC-EQ,1660,BUY,2025-04-28,23,9871.6,2025-05-08,429.2,T1_SL,0.0,0.0,10
BAJAJFINSV-EQ,16675,BUY,2025-04-15,5,9830.0,2025-04-25,2045.5,MKT,79.5,397.5,10
COALINDIA-EQ,20374,BUY,2025-04-16,25,9975.0,2025-04-17,390.522,SL,-8.478000000000009,-211.95000000000022,1
MOTILALOFS-EQ,14947,BUY,2025-04-16,15,9600.0,2025-04-17,673.18,SL,33.17999999999995,497.69999999999925,1
BPCL-EQ,526,BUY,2025-04-28,33,9758.1,2025-05-08,306.132,SL,10.432000000000016,344.25600000000054,10
TRENT-EQ,1964,BUY,2025-04-16,2,9970.0,2025-04-17,5212.78,SL,227.77999999999975,455.5599999999995,1
HDFCLIFE-EQ,467,BUY,2025-04-30,13,9542.0,2025-05-09,711.98,SL,-22.019999999999982,-286.25999999999976,9
ALKEM-EQ,11703,BUY,2025-04-21,2,9980.0,2025-04-30,5116.0,MKT,126.0,252.0,9
LTIM-EQ,17818,BUY,2025-05-02,2,9290.0,2025-05-06,4573.55,SL,-71.44999999999982,-142.89999999999964,4
INDIANB-EQ,14309,BUY,2025-04-29,17,9996.0,2025-04-30,570.36,SL,-17.639999999999986,-299.87999999999977,1
ATGL-EQ,6066,BUY,2025-05-02,16,9760.0,2025-05-05,614.98,SL,4.980000000000018,79.68000000000029,3
SBIN-EQ,3045,BUY,2025-04-17,12,9300.0,2025-04-25,798.65,MKT,23.649999999999977,283.7999999999997,8
ZYDUSLIFE-EQ,7929,BUY,2025-04-29,11,9790.0,2025-05-07,868.15,SL,-21.850000000000023,-240.35000000000025,8
FEDERALBNK-EQ,1023,BUY,2025-04-21,50,10000.0,2025-04-23,200.0,T1_SL,0.0,0.0,2
PFC-EQ,14299,BUY,2025-04-28,23,9761.199999999999,2025-04-30,411.668,SL,-12.731999999999971,-292.83599999999933,2
SUZLON-EQ,12018,BUY,2025-04-21,179,9973.88,2025-04-30,56.4,MKT,0.6799999999999997,121.71999999999994,9
PREMIERENE-EQ,25049,BUY,2025-04-15,11,9845.0,2025-04-16,983.58,SL,88.58000000000004,974.3800000000005,1
CGPOWER-EQ,760,BUY,2025-04-15,17,9775.0,2025-04-16,633.41,SL,58.40999999999997,992.9699999999995,1
BDL-EQ,2144,BUY,2025-04-29,6,9054.0,2025-04-30,1463.73,SL,-45.26999999999998,-271.6199999999999,1
ADANIPORTS-EQ,15083,BUY,2025-04-28,8,9648.0,2025-04-29,1256.15,SL,50.15000000000009,401.2000000000007,1
JINDALSTEL-EQ,6733,BUY,2025-04-21,11,9856.0,2025-04-25,896.0,T1_SL,0.0,0.0,4
PHOENIXLTD-EQ,14552,BUY,2025-04-30,6,9960.0,2025-05-02,1610.2,SL,-49.799999999999955,-298.7999999999997,2
IRB-EQ,15313,BUY,2025-04-21,211,9995.07,2025-04-25,46.9189,SL,-0.4510999999999967,-95.18209999999931,4
HAL-EQ,2303,BUY,2025-04-28,2,8730.0,2025-05-08,4422.9,MKT,57.899999999999636,115.79999999999927,10
SJVN-EQ,18883,BUY,2025-04-28,103,9905.51,2025-04-30,93.2849,SL,-2.8851000000000084,-297.16530000000085,2
LICI-EQ,9480,BUY,2025-04-21,12,9696.0,2025-04-25,808.0,T1_SL,0.0,0.0,4
BAJAJ-AUTO-EQ,16669,BUY,2025-04-28,1,8084.0,2025-05-02,7841.48,SL,-242.52000000000044,-242.52000000000044,4
PIDILITIND-EQ,2664,BUY,2025-04-22,3,9159.0,2025-05-02,3008.7,MKT,-44.30000000000018,-132.90000000000055,10
NTPCGREEN-EQ,27176,BUY,2025-05-02,98,9937.2,2025-05-06,98.358,SL,-3.0420000000000016,-298.11600000000016,4
UNIONBANK-EQ,10753,BUY,2025-04-21,78,9968.4,2025-04-23,126.003,SL,-1.796999999999997,-140.16599999999977,2
ADANIENT-EQ,25,BUY,2025-04-15,4,9376.0,2025-04-16,2391.05,SL,47.05000000000018,188.20000000000073,1
ABFRL-EQ,30108,BUY,2025-04-28,103,9970.4,2025-04-29,97.679,SL,0.8790000000000049,90.5370000000005,1
OLAELEC-EQ,24777,BUY,2025-04-21,189,9975.42,2025-04-22,52.3509,SL,-0.42909999999999826,-81.09989999999968,1
MFSL-EQ,2142,BUY,2025-04-28,7,8967.0,2025-05-07,1256.15,SL,-24.84999999999991,-173.94999999999936,9
BAJAJHFL-EQ,25270,BUY,2025-04-29,79,9914.5,2025-04-30,121.735,SL,-3.7650000000000006,-297.43500000000006,1
RVNL-EQ,9552,BUY,2025-04-29,27,9855.0,2025-04-30,354.05,SL,-10.949999999999989,-295.6499999999997,1
IRCTC-EQ,13611,BUY,2025-04-15,13,9620.0,2025-04-25,751.85,MKT,11.850000000000023,154.0500000000003,10
WAAREEENER-EQ,25907,BUY,2025-04-17,4,9044.0,2025-04-21,2432.76,SL,171.76000000000022,687.0400000000009,4
IRFC-EQ,2029,BUY,2025-04-16,77,9894.5,2025-04-17,129.495,SL,0.9950000000000045,76.61500000000035,1
BANDHANBNK-EQ,2263,BUY,2025-04-15,65,9912.5,2025-04-16,166.549,SL,14.049000000000007,913.1850000000004,1
GLENMARK-EQ,7406,BUY,2025-04-23,7,9856.0,2025-04-25,1365.76,SL,-42.24000000000001,-295.68000000000006,2
IREDA-EQ,20261,BUY,2025-04-15,63,9935.099999999999,2025-04-16,174.309,SL,16.60900000000001,1046.3670000000006,1
DRREDDY-EQ,881,BUY,2025-04-15,8,9080.0,2025-04-16,1156.24,SL,21.24000000000001,169.92000000000007,1
TATACOMM-EQ,3721,BUY,2025-04-22,6,9702.0,2025-04-24,1632.0,T2_SL,15.0,90.0,2
SAIL-EQ,2963,BUY,2025-04-22,85,9962.0,2025-04-23,116.012,SL,-1.1880000000000024,-100.9800000000002,1
HINDZINC-EQ,1424,BUY,2025-04-17,22,9658.0,2025-04-21,446.976,SL,7.975999999999999,175.47199999999998,4
MPHASIS-EQ,4503,BUY,2025-04-21,4,9136.0,2025-04-22,2462.83,SL,178.82999999999993,715.3199999999997,1
ONGC-EQ,2475,BUY,2025-04-15,43,9950.2,2025-04-16,243.082,SL,11.681999999999988,502.32599999999945,1
M&MFIN-EQ,13285,BUY,2025-04-15,38,9800.199999999999,2025-04-16,262.385,SL,4.485000000000014,170.43000000000052,1
TATAPOWER-EQ,3426,BUY,2025-04-28,25,9705.0,2025-04-30,388.2,T1_SL,0.0,0.0,2
LICHSGFIN-EQ,1997,BUY,2025-04-15,17,9860.0,2025-04-16,589.76,SL,9.759999999999991,165.91999999999985,1
AMBUJACEM-EQ,1270,BUY,2025-04-15,18,9936.0,2025-04-25,552.0,T1_SL,0.0,0.0,10
SBILIFE-EQ,21808,BUY,2025-04-30,5,8825.0,2025-05-06,1765.0,T1_SL,0.0,0.0,6
HINDPETRO-EQ,1406,BUY,2025-04-30,25,9920.0,2025-05-02,390.716,SL,-6.084000000000003,-152.10000000000008,2
COCHINSHIP-EQ,21508,BUY,2025-04-28,6,8808.0,2025-04-29,1519.99,SL,51.99000000000001,311.94000000000005,1
HEROMOTOCO-EQ,1348,BUY,2025-04-15,2,7424.0,2025-04-17,3702.49,SL,-9.510000000000218,-19.020000000000437,2
PETRONET-EQ,11351,BUY,2025-04-16,33,9900.0,2025-04-24,308.4,T2_SL,8.399999999999977,277.19999999999925,8
BAJAJHLDNG-EQ,305,BUY,2025-04-15,0,0.0,2025-04-16,12158.95,SL,774.9500000000007,0.0,1
IDFCFIRSTB-EQ,11184,BUY,2025-04-15,164,9987.6,2025-04-16,66.0667,SL,5.166699999999999,847.3387999999998,1
MRF-EQ,2277,BUY,2025-04-29,0,0.0,2025-05-07,131667.8,SL,967.7999999999884,0.0,8
ULTRACEMCO-EQ,11532,BUY,2025-04-15,0,0.0,2025-04-16,11822.36,SL,172.36000000000058,0.0,1
POLYCAB-EQ,9590,BUY,2025-04-29,1,5630.0,2025-04-30,5523.18,SL,-106.81999999999971,-106.81999999999971,1
LODHA-EQ,3220,BUY,2025-04-16,8,9856.0,2025-04-17,1299.8,SL,67.79999999999995,542.3999999999996,1
OBEROIRLTY-EQ,20242,BUY,2025-04-30,6,9756.0,2025-05-05,1626.0,T1_SL,0.0,0.0,5
BANKBARODA-EQ,4668,BUY,2025-04-15,42,9819.6,2025-04-16,243.082,SL,9.281999999999982,389.84399999999926,1
IDEA-EQ,14366,BUY,2025-04-21,1291,9992.34,2025-04-25,7.5078,SL,-0.23220000000000063,-299.7702000000008,4
GRASIM-EQ,1232,BUY,2025-04-15,3,7992.0,2025-04-16,2688.84,SL,24.840000000000146,74.52000000000044,1
MARUTI-EQ,10999,BUY,2025-04-23,0,0.0,2025-04-25,11684.62,SL,-118.3799999999992,-0.0,2
JSWSTEEL-EQ,11723,BUY,2025-04-29,9,9540.0,2025-04-30,1028.2,SL,-31.799999999999955,-286.1999999999996,1
JIOFIN-EQ,18143,BUY,2025-05-02,37,9742.1,2025-05-06,255.401,SL,-7.899000000000001,-292.26300000000003,4
NESTLEIND-EQ,17963,BUY,2025-04-16,4,9524.0,2025-04-17,2368.74,SL,-12.260000000000218,-49.04000000000087,1
RELIANCE-EQ,2885,BUY,2025-04-29,7,9625.0,2025-04-30,1384.19,SL,9.190000000000055,64.33000000000038,1
GMRAIRPORT-EQ,13528,BUY,2025-04-17,114,9933.960000000001,2025-04-25,85.3115,SL,-1.8285000000000053,-208.4490000000006,8
ICICIPRULI-EQ,18652,BUY,2025-04-30,16,9904.0,2025-05-06,600.43,SL,-18.57000000000005,-297.1200000000008,6
COLPAL-EQ,15141,BUY,2025-04-16,3,7620.0,2025-04-17,2632.58,SL,92.57999999999993,277.7399999999998,1
ADANIENSOL-EQ,10217,BUY,2025-05-02,11,9911.0,2025-05-07,901.0,T1_SL,0.0,0.0,5
ACC-EQ,22,BUY,2025-04-17,4,8252.0,2025-04-23,2063.0,T1_SL,0.0,0.0,6
PAGEIND-EQ,14413,BUY,2025-05-05,0,0.0,2025-05-08,44969.2,SL,-905.8000000000029,-0.0,3
ESCORTS-EQ,958,BUY,2025-05-02,3,9870.0,2025-05-06,3191.3,SL,-98.69999999999982,-296.09999999999945,4
GODREJPROP-EQ,17875,BUY,2025-05-02,4,8724.0,2025-05-06,2181.0,T1_SL,0.0,0.0,4
NHPC-EQ,17400,BUY,2025-04-28,115,9998.1,2025-05-05,84.3318,SL,-2.6081999999999965,-299.9429999999996,7
DIXON-EQ,21690,BUY,2025-04-15,0,0.0,2025-04-16,16323.16,SL,1583.1599999999999,0.0,1
ADANIPOWER-EQ,17388,BUY,2025-05-05,18,9720.0,2025-05-07,523.8,SL,-16.200000000000045,-291.6000000000008,2
ASTRAL-EQ,14418,BUY,2025-04-21,7,9289.0,2025-04-22,1356.06,SL,29.059999999999945,203.41999999999962,1
ETERNAL-EQ,5097,BUY,2025-05-05,41,9819.5,2025-05-06,232.315,SL,-7.185000000000002,-294.5850000000001,1
DLF-EQ,14732,BUY,2025-05-05,14,9688.0,2025-05-06,675.12,SL,-16.879999999999995,-236.31999999999994,1
IGL-EQ,11262,BUY,2025-05-05,50,9940.0,2025-05-15,204.87,MKT,6.069999999999993,303.49999999999966,10
CUMMINSIND-EQ,1901,BUY,2025-05-05,3,8844.0,2025-05-06,2859.56,SL,-88.44000000000005,-265.32000000000016,1
IOC-EQ,1624,BUY,2025-05-02,71,9932.9,2025-05-08,139.777,SL,-0.12300000000001887,-8.73300000000134,6
CONCOR-EQ,4749,BUY,2025-04-21,14,9898.0,2025-04-25,685.79,SL,-21.210000000000036,-296.9400000000005,4
ADANIGREEN-EQ,3563,BUY,2025-05-05,10,9720.0,2025-05-06,942.84,SL,-29.159999999999968,-291.5999999999997,1
DMART-EQ,19913,BUY,2025-04-15,2,8392.0,2025-04-16,4397.98,SL,201.97999999999956,403.9599999999991,1
GODREJCP-EQ,10099,BUY,2025-05-05,7,9002.0,2025-05-06,1249.36,SL,-36.6400000000001,-256.4800000000007,1
HUDCO-EQ,20825,BUY,2025-04-15,45,9796.5,2025-04-16,224.943,SL,7.243000000000023,325.9350000000011,1
DIVISLAB-EQ,10940,BUY,2025-05-05,1,6153.0,2025-05-06,6021.76,SL,-131.23999999999978,-131.23999999999978,1
ABB-EQ,13,BUY,2025-04-15,1,5174.0,2025-04-16,5532.88,SL,358.8800000000001,358.8800000000001,1
TATACONSUM-EQ,3432,BUY,2025-04-22,8,9072.0,2025-04-23,1138.78,SL,4.779999999999973,38.23999999999978,1
TVSMOTOR-EQ,8479,BUY,2025-04-15,3,7653.0,2025-04-16,2688.84,SL,137.84000000000015,413.52000000000044,1
APOLLOTYRE-EQ,163,BUY,2025-05-02,21,9981.300000000001,2025-05-07,477.046,SL,1.745999999999981,36.6659999999996,5
PIIND-EQ,24184,BUY,2025-04-22,2,7420.0,2025-04-25,3598.7,SL,-111.30000000000018,-222.60000000000036,3
CHOLAFIN-EQ,685,BUY,2025-05-07,6,9438.0,2025-05-08,1565.58,SL,-7.420000000000073,-44.52000000000044,1
BIOCON-EQ,11373,BUY,2025-05-06,29,9767.2,2025-05-08,335.135,SL,-1.6650000000000205,-48.28500000000059,2
BANKINDIA-EQ,4745,BUY,2025-04-28,84,9928.800000000001,2025-04-30,118.2,T1_SL,0.0,0.0,2
MAXHEALTH-EQ,22377,BUY,2025-05-05,8,9008.0,2025-05-06,1147.51,SL,21.50999999999999,172.07999999999993,1
TATAELXSI-EQ,3411,BUY,2025-05-08,1,5879.0,2025-05-09,6023.7,SL,144.69999999999982,144.69999999999982,1
MAHABANK-EQ,11377,BUY,2025-04-16,214,9959.56,2025-04-17,49.6737,SL,3.1336999999999975,670.6117999999994,1
TIINDIA-EQ,312,BUY,2025-05-05,3,8802.0,2025-05-06,2916.79,SL,-17.210000000000036,-51.63000000000011,1
PNB-EQ,10666,BUY,2025-04-28,100,9990.0,2025-04-30,99.9,T1_SL,0.0,0.0,2
HINDUNILVR-EQ,1394,BUY,2025-05-06,4,9420.0,2025-05-14,2355.0,T1_SL,0.0,0.0,8
INDHOTEL-EQ,1512,BUY,2025-04-16,11,9218.0,2025-04-24,838.0,T1_SL,0.0,0.0,8
MOTHERSON-EQ,4204,BUY,2025-05-07,71,9968.4,2025-05-09,140.4,T1_SL,0.0,0.0,2
ICICIGI-EQ,21770,BUY,2025-04-21,5,9165.0,2025-04-30,1876.5,MKT,43.5,217.5,9
HYUNDAI-EQ,25844,BUY,2025-05-06,5,8665.0,2025-05-07,1753.76,SL,20.75999999999999,103.79999999999995,1
SHRIRAMFIN-EQ,4306,BUY,2025-05-07,15,9480.0,2025-05-08,635.35,SL,3.3500000000000227,50.25000000000034,1
HINDALCO-EQ,1363,BUY,2025-05-07,15,9510.0,2025-05-08,630.5,SL,-3.5,-52.5,1
TATAMOTORS-EQ,3456,BUY,2025-05-09,14,9562.0,2025-05-13,710.04,SL,27.039999999999964,378.5599999999995,4
GAIL-EQ,4717,BUY,2025-04-28,53,9911.0,2025-05-08,184.27,MKT,-2.7299999999999898,-144.68999999999946,10
NTPC-EQ,11630,BUY,2025-04-29,27,9798.3,2025-04-30,352.013,SL,-10.887,-293.949,1
DABUR-EQ,772,BUY,2025-04-22,20,9636.0,2025-05-02,480.5,MKT,-1.3000000000000114,-26.000000000000227,10
BRITANNIA-EQ,547,BUY,2025-05-09,1,5480.0,2025-05-13,5480.0,T1_SL,0.0,0.0,4
TORNTPHARM-EQ,3518,BUY,2025-04-23,3,9852.0,2025-04-25,3222.34,SL,-61.659999999999854,-184.97999999999956,2
TCS-EQ,11536,BUY,2025-04-29,2,6956.0,2025-04-30,3390.15,SL,-87.84999999999991,-175.69999999999982,1
ABCAPITAL-EQ,21614,BUY,2025-05-08,49,9878.4,2025-05-09,203.797,SL,2.1970000000000027,107.65300000000013,1
VOLTAS-EQ,3718,BUY,2025-05-08,7,8792.0,2025-05-09,1218.32,SL,-37.680000000000064,-263.76000000000045,1
TATASTEEL-EQ,3499,BUY,2025-05-06,69,9894.6,2025-05-07,152.484,SL,9.084000000000003,626.7960000000003,1
PERSISTENT-EQ,18365,BUY,2025-05-06,1,5568.0,2025-05-07,5461.1,SL,-106.89999999999964,-106.89999999999964,1
PRESTIGE-EQ,20302,BUY,2025-05-12,7,9485.0,2025-05-13,1401.65,SL,46.65000000000009,326.55000000000064,1
WIPRO-EQ,3787,BUY,2025-05-12,40,9936.0,2025-05-21,248.4,T1_SL,0.0,0.0,9
EXIDEIND-EQ,676,BUY,2025-05-12,26,9843.6,2025-05-13,383.538,SL,4.937999999999988,128.3879999999997,1
BOSCHLTD-EQ,2181,BUY,2025-05-12,0,0.0,2025-05-22,31740.0,MKT,890.0,0.0,10
POLICYBZR-EQ,6656,BUY,2025-05-12,5,8415.0,2025-05-13,1732.42,SL,49.42000000000007,247.10000000000036,1
COALINDIA-EQ,20374,BUY,2025-05-12,25,9875.0,2025-05-22,395.0,T1_SL,0.0,0.0,10
SUPREMEIND-EQ,3363,BUY,2025-05-12,2,7070.0,2025-05-13,3608.4,SL,73.40000000000009,146.80000000000018,1
BAJFINANCE-EQ,317,BUY,2025-05-13,1,9074.0,2025-05-23,9243.5,MKT,169.5,169.5,10
AXISBANK-EQ,5900,BUY,2025-05-12,8,9432.0,2025-05-22,1179.0,T1_SL,0.0,0.0,10
BAJAJFINSV-EQ,16675,BUY,2025-05-12,4,8200.0,2025-05-22,2001.0,MKT,-49.0,-196.0,10
BHEL-EQ,438,BUY,2025-05-12,43,9993.2,2025-05-13,235.904,SL,3.5039999999999907,150.6719999999996,1
BANKBARODA-EQ,4668,BUY,2025-05-15,42,9882.6,2025-05-16,235.516,SL,0.21599999999997976,9.07199999999915,1
NMDC-EQ,15332,BUY,2025-05-12,148,9951.519999999999,2025-05-13,68.7245,SL,1.4845000000000113,219.70600000000167,1
PETRONET-EQ,11351,BUY,2025-05-15,31,9889.0,2025-05-19,319.0,T1_SL,0.0,0.0,4
HINDZINC-EQ,1424,BUY,2025-05-14,22,9600.8,2025-05-23,447.05,MKT,10.650000000000034,234.30000000000075,9
SAIL-EQ,2963,BUY,2025-05-14,83,9993.2,2025-05-16,121.638,SL,1.2379999999999995,102.75399999999996,2
NYKAA-EQ,6545,BUY,2025-05-12,50,9850.0,2025-05-13,198.268,SL,1.2680000000000007,63.400000000000034,1
LTF-EQ,24948,BUY,2025-05-12,59,9994.6,2025-05-13,172.078,SL,2.6779999999999973,158.00199999999984,1
JIOFIN-EQ,18143,BUY,2025-05-15,37,9990.0,2025-05-23,281.75,MKT,11.75,434.75,8
BAJAJ-AUTO-EQ,16669,BUY,2025-05-13,1,8048.0,2025-05-14,8115.02,SL,67.02000000000044,67.02000000000044,1
LODHA-EQ,3220,BUY,2025-05-15,7,9296.0,2025-05-16,1369.64,SL,41.6400000000001,291.4800000000007,1
AUBANK-EQ,21238,BUY,2025-04-29,14,9730.0,2025-05-05,674.15,SL,-20.850000000000023,-291.9000000000003,6
SONACOMS-EQ,4684,BUY,2025-05-05,20,9986.0,2025-05-06,507.31,SL,8.009999999999991,160.19999999999982,1
BPCL-EQ,526,BUY,2025-05-12,32,9872.0,2025-05-13,310.594,SL,2.093999999999994,67.00799999999981,1
HINDPETRO-EQ,1406,BUY,2025-05-15,25,9950.0,2025-05-20,395.081,SL,-2.9189999999999827,-72.97499999999957,5
SBILIFE-EQ,21808,BUY,2025-05-14,5,8785.0,2025-05-15,1744.06,SL,-12.940000000000055,-64.70000000000027,1
APOLLOHOSP-EQ,157,BUY,2025-04-15,1,6871.0,2025-04-16,6879.24,SL,8.239999999999782,8.239999999999782,1
INDUSINDBK-EQ,5258,BUY,2025-04-15,13,9295.0,2025-04-16,776.97,SL,61.97000000000003,805.6100000000004,1
RELIANCE-EQ,2885,BUY,2025-05-15,6,8640.0,2025-05-19,1440.0,T1_SL,0.0,0.0,4
ITC-EQ,1660,BUY,2025-05-12,23,9871.6,2025-05-21,439.6,T2_SL,10.400000000000034,239.20000000000078,9
DRREDDY-EQ,881,BUY,2025-05-14,8,9680.0,2025-05-15,1204.74,SL,-5.259999999999991,-42.07999999999993,1
LT-EQ,11483,BUY,2025-05-09,2,6752.0,2025-05-12,3508.49,SL,132.48999999999978,264.97999999999956,3
SUZLON-EQ,12018,BUY,2025-05-13,174,9987.6,2025-05-14,59.7326,SL,2.3325999999999993,405.87239999999986,1
TATACOMM-EQ,3721,BUY,2025-05-14,6,9462.0,2025-05-15,1634.45,SL,57.450000000000045,344.7000000000003,1
NESTLEIND-EQ,17963,BUY,2025-05-15,4,9560.0,2025-05-22,2342.55,SL,-47.44999999999982,-189.79999999999927,7
HCLTECH-EQ,7229,BUY,2025-05-08,6,9588.0,2025-05-16,1659.9,MKT,61.90000000000009,371.40000000000055,8
KALYANKJIL-EQ,2955,BUY,2025-05-12,18,9630.0,2025-05-13,547.08,SL,12.080000000000041,217.44000000000074,1
TATATECH-EQ,20293,BUY,2025-05-08,14,9366.0,2025-05-09,701.31,SL,32.309999999999945,452.33999999999924,1
PIIND-EQ,24184,BUY,2025-05-16,2,7484.0,2025-05-21,3680.18,SL,-61.820000000000164,-123.64000000000033,5
CONCOR-EQ,4749,BUY,2025-05-16,14,9842.0,2025-05-19,745.0,T3,42.0,588.0,3
CUMMINSIND-EQ,1901,BUY,2025-05-16,3,8919.0,2025-05-20,2951.71,SL,-21.289999999999964,-63.86999999999989,4
ASIANPAINT-EQ,236,BUY,2025-04-16,4,9792.0,2025-04-21,2448.0,T1_SL,0.0,0.0,5
OBEROIRLTY-EQ,20242,BUY,2025-05-15,6,9774.0,2025-05-16,1693.62,SL,64.61999999999989,387.71999999999935,1
SBIN-EQ,3045,BUY,2025-05-13,12,9648.0,2025-05-21,783.76,SL,-20.24000000000001,-242.8800000000001,8
BHARTIHEXA-EQ,23489,BUY,2025-04-17,6,9642.0,2025-04-25,1584.9,MKT,-22.09999999999991,-132.59999999999945,8
PAYTM-EQ,6705,BUY,2025-05-05,11,9273.0,2025-05-06,817.71,SL,-25.289999999999964,-278.1899999999996,1
VEDL-EQ,3063,BUY,2025-05-12,23,9765.800000000001,2025-05-13,433.687,SL,9.086999999999989,209.00099999999975,1
ATGL-EQ,6066,BUY,2025-05-13,15,9510.0,2025-05-23,658.5,MKT,24.5,367.5,10
HUDCO-EQ,20825,BUY,2025-05-16,44,9939.6,2025-05-20,227.562,SL,1.6620000000000061,73.12800000000027,4
ASTRAL-EQ,14418,BUY,2025-05-16,7,9499.0,2025-05-19,1425.9,SL,68.90000000000009,482.30000000000064,3
ZYDUSLIFE-EQ,7929,BUY,2025-05-13,11,9790.0,2025-05-20,882.7,SL,-7.2999999999999545,-80.2999999999995,7
SBICARD-EQ,17971,BUY,2025-05-05,11,9823.0,2025-05-07,866.21,SL,-26.789999999999964,-294.6899999999996,2
IREDA-EQ,20261,BUY,2025-05-14,59,9988.7,2025-05-15,170.72,SL,1.4199999999999875,83.77999999999926,1
OIL-EQ,17438,BUY,2025-05-12,24,9907.2,2025-05-13,417.1,SL,4.300000000000011,103.20000000000027,1
ADANIPOWER-EQ,17388,BUY,2025-05-16,18,9954.0,2025-05-20,553.0,T1_SL,0.0,0.0,4
SJVN-EQ,18883,BUY,2025-05-13,103,9970.4,2025-05-14,102.238,SL,5.438000000000002,560.1140000000003,1
COFORGE-EQ,11543,BUY,2025-05-05,6,9066.0,2025-05-06,1648.03,SL,137.02999999999997,822.1799999999998,1
M&MFIN-EQ,13285,BUY,2025-05-14,38,9845.800000000001,2025-05-15,260.736,SL,1.6359999999999673,62.167999999998756,1
PFC-EQ,14299,BUY,2025-05-13,24,9960.0,2025-05-14,403.811,SL,-11.189000000000021,-268.5360000000005,1
VMM-EQ,27969,BUY,2025-04-30,87,9961.5,2025-05-07,121.4,T2_SL,6.900000000000006,600.3000000000005,7
IRFC-EQ,2029,BUY,2025-05-14,79,9961.9,2025-05-15,135.994,SL,9.894000000000005,781.6260000000004,1
UNIONBANK-EQ,10753,BUY,2025-05-14,76,9994.0,2025-05-15,136.382,SL,4.882000000000005,371.0320000000004,1
GODREJPROP-EQ,17875,BUY,2025-05-16,4,8640.0,2025-05-20,2160.0,T1_SL,0.0,0.0,4
ICICIPRULI-EQ,18652,BUY,2025-05-15,16,9760.0,2025-05-23,642.2,MKT,32.200000000000045,515.2000000000007,8
IGL-EQ,11262,BUY,2025-05-16,48,9936.0,2025-05-19,207.774,SL,0.7740000000000009,37.152000000000044,3
ADANIPORTS-EQ,15083,BUY,2025-05-13,7,9639.0,2025-05-14,1367.7,SL,-9.299999999999955,-65.09999999999968,1
RVNL-EQ,9552,BUY,2025-05-14,27,9798.3,2025-05-15,404.975,SL,42.075000000000045,1136.0250000000012,1
CANBK-EQ,10794,BUY,2025-05-12,101,9942.44,2025-05-13,105.342,SL,6.902000000000001,697.1020000000001,1
IRB-EQ,15313,BUY,2025-05-13,208,9959.04,2025-05-14,48.4515,SL,0.5715000000000003,118.87200000000007,1
LICI-EQ,9480,BUY,2025-05-13,12,9852.0,2025-05-14,840.02,SL,19.019999999999982,228.23999999999978,1
OFSS-EQ,10738,BUY,2025-04-29,1,8865.0,2025-05-05,8599.05,SL,-265.9500000000007,-265.9500000000007,6
MRF-EQ,2277,BUY,2025-05-15,0,0.0,2025-05-23,143670.0,MKT,2290.0,0.0,8
BHARATFORG-EQ,422,BUY,2025-05-09,8,9272.0,2025-05-12,1231.9,SL,72.90000000000009,583.2000000000007,3
TRENT-EQ,1964,BUY,2025-05-12,1,5418.0,2025-05-14,5418.0,T1_SL,0.0,0.0,2
MOTILALOFS-EQ,14947,BUY,2025-05-12,14,9870.0,2025-05-13,779.88,SL,74.88,1048.32,1
COCHINSHIP-EQ,21508,BUY,2025-05-15,5,8585.0,2025-05-16,2005.96,SL,288.96000000000004,1444.8000000000002,1
SIEMENS-EQ,3150,BUY,2025-05-12,3,8712.0,2025-05-13,3205.85,SL,301.8499999999999,905.5499999999997,1
DLF-EQ,14732,BUY,2025-05-16,14,9968.0,2025-05-26,777.8,MKT,65.79999999999995,921.1999999999994,10
ABB-EQ,13,BUY,2025-05-16,1,5792.0,2025-05-20,5810.3,SL,18.300000000000182,18.300000000000182,4
ADANIENSOL-EQ,10217,BUY,2025-05-15,11,9999.0,2025-05-20,881.73,SL,-27.269999999999982,-299.9699999999998,5
NAUKRI-EQ,13751,BUY,2025-05-12,6,8724.0,2025-05-13,1464.7,SL,10.700000000000045,64.20000000000027,1
BANDHANBNK-EQ,2263,BUY,2025-05-14,60,9942.0,2025-05-20,165.7,T1_SL,0.0,0.0,6
MOTHERSON-EQ,4204,BUY,2025-05-19,67,9875.800000000001,2025-05-20,147.052,SL,-0.3480000000000132,-23.316000000000884,1
RECLTD-EQ,15355,BUY,2025-04-17,23,9809.5,2025-04-25,422.2,MKT,-4.300000000000011,-98.90000000000026,8
TIINDIA-EQ,312,BUY,2025-05-19,3,9225.0,2025-05-20,2982.75,SL,-92.25,-276.75,1
MANKIND-EQ,15380,BUY,2025-05-12,4,9916.0,2025-05-22,2479.0,T1_SL,0.0,0.0,10
PIDILITIND-EQ,2664,BUY,2025-05-13,3,9285.0,2025-05-20,3034.16,SL,-60.840000000000146,-182.52000000000044,7
SWIGGY-EQ,27066,BUY,2025-05-19,30,9816.0,2025-05-20,317.384,SL,-9.815999999999974,-294.4799999999992,1
MAHABANK-EQ,11377,BUY,2025-05-19,193,9956.87,2025-05-21,52.19,T2_SL,0.5999999999999943,115.7999999999989,2
INDIANB-EQ,14309,BUY,2025-05-13,17,9792.0,2025-05-14,582.0,SL,6.0,102.0,1
BANKINDIA-EQ,4745,BUY,2025-05-19,86,9924.4,2025-05-29,119.21,MKT,3.809999999999988,327.65999999999894,10
GLENMARK-EQ,7406,BUY,2025-05-14,6,8634.0,2025-05-20,1439.0,T1_SL,0.0,0.0,6
MUTHOOTFIN-EQ,23650,BUY,2025-05-05,4,8760.0,2025-05-08,2255.0,T2_SL,65.0,260.0,3
YESBANK-EQ,11915,BUY,2025-05-09,514,9992.16,2025-05-12,21.049,SL,1.6089999999999982,827.025999999999,3
ABCAPITAL-EQ,21614,BUY,2025-05-21,45,9900.0,2025-05-26,220.0,T1_SL,0.0,0.0,5
ETERNAL-EQ,5097,BUY,2025-05-16,40,9812.0,2025-05-19,237.941,SL,-7.359000000000009,-294.36000000000035,3
DABUR-EQ,772,BUY,2025-05-20,20,9690.0,2025-05-29,486.2,T2_SL,1.6999999999999886,33.99999999999977,9
INDHOTEL-EQ,1512,BUY,2025-05-19,12,9348.0,2025-05-20,755.63,SL,-23.370000000000005,-280.44000000000005,1
GAIL-EQ,4717,BUY,2025-05-20,52,9932.0,2025-05-21,188.859,SL,-2.140999999999991,-111.33199999999954,1
FEDERALBNK-EQ,1023,BUY,2025-05-13,51,9939.9,2025-05-14,197.298,SL,2.397999999999996,122.2979999999998,1
IDFCFIRSTB-EQ,11184,BUY,2025-05-15,143,9967.1,2025-05-20,67.609,SL,-2.091000000000008,-299.01300000000117,5
PNB-EQ,10666,BUY,2025-05-19,100,9955.0,2025-05-29,102.31,MKT,2.760000000000005,276.0000000000005,10
BRITANNIA-EQ,547,BUY,2025-05-20,1,5547.0,2025-05-30,5510.5,MKT,-36.5,-36.5,10
M&M-EQ,2031,BUY,2025-05-05,3,9000.0,2025-05-15,3144.3,MKT,144.30000000000018,432.90000000000055,10
HDFCBANK-EQ,1333,BUY,2025-04-15,5,9220.0,2025-04-25,1911.2,MKT,67.20000000000005,336.0000000000002,10
BIOCON-EQ,11373,BUY,2025-05-19,29,9845.5,2025-05-23,329.315,SL,-10.185000000000002,-295.36500000000007,4
PREMIERENE-EQ,25049,BUY,2025-05-13,10,9980.0,2025-05-14,1065.06,SL,67.05999999999995,670.5999999999995,1
LICHSGFIN-EQ,1997,BUY,2025-05-14,16,9872.0,2025-05-19,607.22,SL,-9.779999999999973,-156.47999999999956,5
UNITDSPR-EQ,10447,BUY,2025-05-12,6,9306.0,2025-05-21,1504.47,SL,-46.52999999999997,-279.17999999999984,9
JUBLFOOD-EQ,18096,BUY,2025-04-15,14,9716.0,2025-04-25,694.3,MKT,0.2999999999999545,4.199999999999363,10
SRF-EQ,3273,BUY,2025-04-28,3,8970.0,2025-05-02,2990.0,T1_SL,0.0,0.0,4
LTIM-EQ,17818,BUY,2025-05-13,2,9954.0,2025-05-23,5045.8,MKT,68.80000000000018,137.60000000000036,10
UPL-EQ,11287,BUY,2025-04-28,15,9900.0,2025-05-08,660.0,T1_SL,0.0,0.0,10
JSWENERGY-EQ,17869,BUY,2025-05-15,20,9640.0,2025-05-16,493.73,SL,11.730000000000018,234.60000000000036,1
POLICYBZR-EQ,6656,BUY,2025-05-23,5,8900.0,2025-06-02,1757.7,MKT,-22.299999999999955,-111.49999999999977,10
TORNTPOWER-EQ,13786,BUY,2025-04-28,6,9408.0,2025-05-02,1520.96,SL,-47.039999999999964,-282.2399999999998,4
DMART-EQ,19913,BUY,2025-05-16,2,8242.0,2025-05-20,4070.12,SL,-50.88000000000011,-101.76000000000022,4
EXIDEIND-EQ,676,BUY,2025-05-23,26,9965.800000000001,2025-05-27,377.039,SL,-6.261000000000024,-162.78600000000063,4
BHARTIARTL-EQ,10604,BUY,2025-05-23,5,9185.0,2025-06-02,1854.1,MKT,17.09999999999991,85.49999999999955,10
CIPLA-EQ,694,BUY,2025-04-30,6,9402.0,2025-05-02,1519.99,SL,-47.00999999999999,-282.05999999999995,2
PRESTIGE-EQ,20302,BUY,2025-05-23,6,8670.0,2025-05-26,1488.95,SL,43.950000000000045,263.7000000000003,3
HDFCAMC-EQ,4244,BUY,2025-05-12,2,8990.0,2025-05-13,4699.65,SL,204.64999999999964,409.2999999999993,1
DRREDDY-EQ,881,BUY,2025-05-26,8,9928.0,2025-06-05,1290.6,MKT,49.59999999999991,396.7999999999993,10
NHPC-EQ,17400,BUY,2025-05-16,114,9968.16,2025-05-26,87.06,MKT,-0.37999999999999545,-43.31999999999948,10
NMDC-EQ,15332,BUY,2025-05-26,136,9941.599999999999,2025-05-28,73.1,T1_SL,0.0,0.0,2
POLYCAB-EQ,9590,BUY,2025-05-15,1,6054.0,2025-05-20,6054.0,T1_SL,0.0,0.0,5
LODHA-EQ,3220,BUY,2025-05-26,6,8604.0,2025-05-27,1430.75,SL,-3.25,-19.5,1
JIOFIN-EQ,18143,BUY,2025-05-26,35,9926.0,2025-05-27,282.949,SL,-0.6510000000000105,-22.785000000000366,1
ICICIGI-EQ,21770,BUY,2025-05-19,5,9395.0,2025-05-26,1838.15,SL,-40.84999999999991,-204.24999999999955,7
SHRIRAMFIN-EQ,4306,BUY,2025-05-19,14,9520.0,2025-05-20,659.6,SL,-20.399999999999977,-285.5999999999997,1
TECHM-EQ,13538,BUY,2025-05-12,6,9108.0,2025-05-22,1565.6,MKT,47.59999999999991,285.59999999999945,10
BAJAJHFL-EQ,25270,BUY,2025-05-14,81,9930.6,2025-05-23,124.54,MKT,1.940000000000012,157.14000000000095,9
LT-EQ,11483,BUY,2025-05-26,2,7298.0,2025-06-02,3649.0,T1_SL,0.0,0.0,7
LUPIN-EQ,10440,BUY,2025-05-09,4,8120.0,2025-05-19,2029.6,MKT,-0.40000000000009095,-1.6000000000003638,10
SAIL-EQ,2963,BUY,2025-05-26,78,9890.4,2025-05-27,129.107,SL,2.307000000000002,179.94600000000017,1
HINDALCO-EQ,1363,BUY,2025-05-20,15,9960.0,2025-05-22,664.0,T1_SL,0.0,0.0,2
INDUSINDBK-EQ,5258,BUY,2025-05-26,12,9600.0,2025-06-05,803.2,MKT,3.2000000000000455,38.400000000000546,10
JINDALSTEL-EQ,6733,BUY,2025-05-13,11,9999.0,2025-05-14,942.84,SL,33.84000000000003,372.24000000000035,1
POWERGRID-EQ,14977,BUY,2025-05-08,31,9709.199999999999,2025-05-09,303.804,SL,-9.396000000000015,-291.27600000000047,1
ICICIBANK-EQ,4963,BUY,2025-04-15,7,9373.0,2025-04-25,1404.8,MKT,65.79999999999995,460.5999999999997,10
TRENT-EQ,1964,BUY,2025-05-29,1,5639.0,2025-06-02,5639.0,T1_SL,0.0,0.0,4
LTF-EQ,24948,BUY,2025-05-26,56,9844.800000000001,2025-05-27,174.6,SL,-1.200000000000017,-67.20000000000095,1
HEROMOTOCO-EQ,1348,BUY,2025-05-15,2,8216.0,2025-05-20,4354.0,T2_SL,246.0,492.0,5
VEDL-EQ,3063,BUY,2025-05-27,22,9842.8,2025-05-30,449.6,T2_SL,2.2000000000000455,48.400000000001,3
IGL-EQ,11262,BUY,2025-05-28,47,9870.0,2025-05-30,216.2,T2_SL,6.199999999999989,291.39999999999947,2
MARUTI-EQ,10999,BUY,2025-05-15,0,0.0,2025-05-23,12453.0,MKT,-274.0,-0.0,8
BHARATFORG-EQ,422,BUY,2025-05-29,7,8820.0,2025-05-30,1240.63,SL,-19.36999999999989,-135.58999999999924,1
MOTILALOFS-EQ,14947,BUY,2025-05-29,12,9600.0,2025-05-30,822.56,SL,22.559999999999945,270.71999999999935,1
PFC-EQ,14299,BUY,2025-05-28,24,9931.2,2025-05-30,405.266,SL,-8.533999999999992,-204.8159999999998,2
HINDZINC-EQ,1424,BUY,2025-05-26,22,9823.0,2025-05-27,460.168,SL,13.668000000000006,300.69600000000014,1
VMM-EQ,27969,BUY,2025-05-28,79,9938.199999999999,2025-05-30,125.8,T1_SL,0.0,0.0,2
AUBANK-EQ,21238,BUY,2025-05-26,14,9786.0,2025-05-27,709.07,SL,10.07000000000005,140.9800000000007,1
VOLTAS-EQ,3718,BUY,2025-05-22,7,8897.0,2025-05-30,1262.8,MKT,-8.200000000000045,-57.40000000000032,8
TATACOMM-EQ,3721,BUY,2025-05-26,5,8445.0,2025-06-05,1713.1,MKT,24.09999999999991,120.49999999999955,10
ADANIGREEN-EQ,3563,BUY,2025-05-16,10,9760.0,2025-05-23,976.0,T1_SL,0.0,0.0,7
ACC-EQ,22,BUY,2025-05-16,5,9440.0,2025-05-26,1958.4,MKT,70.40000000000009,352.00000000000045,10
BANDHANBNK-EQ,2263,BUY,2025-05-29,58,9929.599999999999,2025-05-30,168.004,SL,-3.195999999999998,-185.36799999999988,1
TATAELXSI-EQ,3411,BUY,2025-05-19,1,6228.0,2025-05-20,6260.38,SL,32.38000000000011,32.38000000000011,1
SJVN-EQ,18883,BUY,2025-05-28,96,9926.400000000001,2025-05-30,100.88,SL,-2.5200000000000102,-241.92000000000098,2
SIEMENS-EQ,3150,BUY,2025-05-29,2,6696.0,2025-06-06,3297.5,MKT,-50.5,-101.0,8
IRCTC-EQ,13611,BUY,2025-05-14,12,9276.0,2025-05-15,790.55,SL,17.549999999999955,210.59999999999945,1
ONGC-EQ,2475,BUY,2025-05-14,40,9812.0,2025-05-23,244.24,MKT,-1.0600000000000023,-42.40000000000009,9
INDUSTOWER-EQ,29135,BUY,2025-05-12,25,9890.0,2025-05-19,395.6,T1_SL,0.0,0.0,7
GRASIM-EQ,1232,BUY,2025-05-15,3,8322.0,2025-05-19,2774.0,T1_SL,0.0,0.0,4
MPHASIS-EQ,4503,BUY,2025-05-14,3,7650.0,2025-05-19,2550.0,T1_SL,0.0,0.0,5
CHOLAFIN-EQ,685,BUY,2025-05-19,6,9780.0,2025-05-29,1607.8,MKT,-22.200000000000045,-133.20000000000027,10
NAUKRI-EQ,13751,BUY,2025-05-29,6,8724.0,2025-05-30,1452.09,SL,-1.9100000000000819,-11.460000000000491,1
COFORGE-EQ,11543,BUY,2025-05-28,5,8485.0,2025-06-06,1775.5,MKT,78.5,392.5,9
IREDA-EQ,20261,BUY,2025-05-27,57,9986.4,2025-06-03,172.563,SL,-2.6370000000000005,-150.30900000000003,7
ABB-EQ,13,BUY,2025-05-29,1,6062.0,2025-06-02,5934.46,SL,-127.53999999999996,-127.53999999999996,4
COALINDIA-EQ,20374,BUY,2025-05-23,24,9609.599999999999,2025-06-02,399.7,MKT,-0.6999999999999886,-16.799999999999727,10
ADANIENT-EQ,25,BUY,2025-05-14,4,9820.0,2025-05-23,2540.0,MKT,85.0,340.0,9
ATGL-EQ,6066,BUY,2025-05-27,14,9464.0,2025-05-28,672.21,SL,-3.7899999999999636,-53.05999999999949,1
ADANIENSOL-EQ,10217,BUY,2025-05-29,11,9801.0,2025-05-30,864.27,SL,-26.730000000000018,-294.0300000000002,1
ADANIPOWER-EQ,17388,BUY,2025-05-28,18,9954.0,2025-06-06,555.25,MKT,2.25,40.5,9
ZYDUSLIFE-EQ,7929,BUY,2025-05-27,10,9200.0,2025-06-06,960.15,MKT,40.14999999999998,401.4999999999998,10
IRB-EQ,15313,BUY,2025-05-28,193,9993.54,2025-05-30,50.537,SL,-1.243000000000002,-239.8990000000004,2
SBILIFE-EQ,21808,BUY,2025-05-26,5,8990.0,2025-06-02,1798.0,T1_SL,0.0,0.0,7
GODREJPROP-EQ,17875,BUY,2025-05-28,4,9076.0,2025-05-29,2263.01,SL,-5.989999999999782,-23.959999999999127,1
OIL-EQ,17438,BUY,2025-05-28,23,9949.800000000001,2025-06-02,422.726,SL,-9.874000000000024,-227.10200000000054,5
AMBUJACEM-EQ,1270,BUY,2025-05-14,18,9792.0,2025-05-15,552.9,SL,8.899999999999977,160.1999999999996,1
LICI-EQ,9480,BUY,2025-05-28,11,9614.0,2025-05-29,937.02,SL,63.01999999999998,693.2199999999998,1
PETRONET-EQ,11351,BUY,2025-05-26,31,9926.199999999999,2025-05-28,320.2,T1_SL,0.0,0.0,2
NTPC-EQ,11630,BUY,2025-05-20,28,9735.6,2025-05-27,347.7,T1_SL,0.0,0.0,7
IRFC-EQ,2029,BUY,2025-05-28,70,9870.0,2025-05-29,139.292,SL,-1.7079999999999984,-119.55999999999989,1
CANBK-EQ,10794,BUY,2025-05-28,91,9964.5,2025-06-06,115.71,MKT,6.209999999999994,565.1099999999994,9
RVNL-EQ,9552,BUY,2025-05-28,23,9683.0,2025-05-30,408.37,SL,-12.629999999999995,-290.4899999999999,2
SBIN-EQ,3045,BUY,2025-05-27,12,9576.0,2025-06-06,813.05,MKT,15.049999999999955,180.59999999999945,10
WIPRO-EQ,3787,BUY,2025-05-23,40,9876.0,2025-06-02,247.68,MKT,0.7800000000000011,31.200000000000045,10
GMRAIRPORT-EQ,13528,BUY,2025-05-15,112,9974.720000000001,2025-05-19,89.06,T1_SL,0.0,0.0,4
CUMMINSIND-EQ,1901,BUY,2025-05-27,3,8892.0,2025-05-28,3278.6,SL,314.5999999999999,943.7999999999997,1
BAJFINANCE-EQ,317,BUY,2025-05-26,1,9286.0,2025-05-28,9286.0,T1_SL,0.0,0.0,2
SUPREMEIND-EQ,3363,BUY,2025-05-23,2,7786.0,2025-05-26,4093.4,SL,200.4000000000001,400.8000000000002,3
MAXHEALTH-EQ,22377,BUY,2025-05-19,8,9368.0,2025-05-21,1135.87,SL,-35.13000000000011,-281.0400000000009,2
TATAPOWER-EQ,3426,BUY,2025-05-14,25,9897.5,2025-05-15,397.506,SL,1.6059999999999945,40.149999999999864,1
HYUNDAI-EQ,25844,BUY,2025-05-19,5,9370.0,2025-05-22,1850.76,SL,-23.24000000000001,-116.20000000000005,3
TATATECH-EQ,20293,BUY,2025-05-27,12,9324.0,2025-05-29,777.0,T2_SL,0.0,0.0,2
PHOENIXLTD-EQ,14552,BUY,2025-05-13,6,9240.0,2025-05-14,1568.49,SL,28.49000000000001,170.94000000000005,1
SUNPHARMA-EQ,3351,BUY,2025-04-23,5,8805.0,2025-05-02,1829.4,MKT,68.40000000000009,342.00000000000045,9
HAVELLS-EQ,9819,BUY,2025-04-15,6,9402.0,2025-04-16,1612.14,SL,45.1400000000001,270.8400000000006,1
OFSS-EQ,10738,BUY,2025-05-29,1,8608.0,2025-05-30,8482.65,SL,-125.35000000000036,-125.35000000000036,1
EICHERMOT-EQ,910,BUY,2025-04-15,1,5409.0,2025-04-25,5575.5,MKT,166.5,166.5,10
BHEL-EQ,438,BUY,2025-05-26,39,9984.0,2025-06-03,256.0,T1_SL,0.0,0.0,8
PERSISTENT-EQ,18365,BUY,2025-05-23,1,5630.0,2025-05-27,5630.0,T1_SL,0.0,0.0,4
ITC-EQ,1660,BUY,2025-05-26,22,9636.0,2025-05-28,439.6,T2_SL,1.6000000000000227,35.2000000000005,2
AXISBANK-EQ,5900,BUY,2025-05-26,8,9704.0,2025-05-28,1213.0,T1_SL,0.0,0.0,2
TORNTPHARM-EQ,3518,BUY,2025-05-21,3,9942.0,2025-05-22,3214.58,SL,-99.42000000000007,-298.2600000000002,1
VBL-EQ,18921,BUY,2025-04-15,18,9900.0,2025-04-17,550.0,T1_SL,0.0,0.0,2
BPCL-EQ,526,BUY,2025-05-26,31,9920.0,2025-05-28,320.0,T1_SL,0.0,0.0,2
TCS-EQ,11536,BUY,2025-05-21,2,7020.0,2025-05-27,3504.0,T2_SL,-6.0,-12.0,6
KPITTECH-EQ,9683,BUY,2025-05-08,7,9009.0,2025-05-09,1337.63,SL,50.63000000000011,354.41000000000076,1
GLENMARK-EQ,7406,BUY,2025-05-30,6,8706.0,2025-06-02,1550.06,SL,99.05999999999995,594.3599999999997,3
JSWSTEEL-EQ,11723,BUY,2025-05-15,9,9108.0,2025-05-20,1012.0,T1_SL,0.0,0.0,5
INFY-EQ,1594,BUY,2025-04-25,6,8928.0,2025-05-05,1508.6,MKT,20.59999999999991,123.59999999999945,10
BOSCHLTD-EQ,2181,BUY,2025-05-23,0,0.0,2025-05-28,31229.15,SL,-850.8499999999985,-0.0,5
ADANIPORTS-EQ,15083,BUY,2025-05-28,7,9933.0,2025-05-29,1414.26,SL,-4.740000000000009,-33.180000000000064,1
NESTLEIND-EQ,17963,BUY,2025-05-26,4,9688.0,2025-05-28,2422.0,T2_SL,0.0,0.0,2
HCLTECH-EQ,7229,BUY,2025-05-26,5,8355.0,2025-06-02,1620.87,SL,-50.13000000000011,-250.65000000000055,7
TATAMOTORS-EQ,3456,BUY,2025-05-20,13,9516.0,2025-05-30,719.5,MKT,-12.5,-162.5,10
ULTRACEMCO-EQ,11532,BUY,2025-05-15,0,0.0,2025-05-23,11746.0,MKT,-21.0,-0.0,8
PIDILITIND-EQ,2664,BUY,2025-05-30,3,9213.0,2025-06-09,3055.8,MKT,-15.199999999999818,-45.599999999999454,10
NATIONALUM-EQ,6364,BUY,2025-05-12,61,9906.4,2025-05-13,178.771,SL,16.37099999999998,998.6309999999988,1
RELIANCE-EQ,2885,BUY,2025-05-26,6,8640.0,2025-06-02,1397.77,SL,-42.23000000000002,-253.3800000000001,7
AUROPHARMA-EQ,275,BUY,2025-04-17,8,9224.0,2025-04-21,1228.99,SL,75.99000000000001,607.9200000000001,4
MANKIND-EQ,15380,BUY,2025-05-30,4,10000.0,2025-06-02,2425.0,SL,-75.0,-300.0,3
PAYTM-EQ,6705,BUY,2025-05-27,11,9614.0,2025-05-28,901.13,SL,27.129999999999995,298.42999999999995,1
IOC-EQ,1624,BUY,2025-05-16,68,9928.0,2025-05-20,141.62,SL,-4.3799999999999955,-297.8399999999997,4
BAJAJ-AUTO-EQ,16669,BUY,2025-05-26,1,8862.0,2025-05-28,8862.0,T1_SL,0.0,0.0,2
BAJAJFINSV-EQ,16675,BUY,2025-05-26,4,8196.0,2025-06-03,1987.53,SL,-61.47000000000003,-245.8800000000001,8
APOLLOHOSP-EQ,157,BUY,2025-05-26,1,7105.0,2025-05-29,6891.85,SL,-213.14999999999964,-213.14999999999964,3
PATANJALI-EQ,17029,BUY,2025-04-15,5,9525.0,2025-04-25,1967.0,MKT,62.0,310.0,10
BSE-EQ,19585,BUY,2025-04-15,5,9645.0,2025-04-25,2101.17,MKT,172.17000000000007,860.8500000000004,10
MAZDOCK-EQ,509,BUY,2025-04-28,3,8259.0,2025-05-02,3021.0,T2_SL,268.0,804.0,4
SOLARINDS-EQ,13332,BUY,2025-04-29,0,0.0,2025-05-05,12901.0,SL,-399.0,-0.0,6
APLAPOLLO-EQ,25780,BUY,2025-05-07,6,9882.0,2025-05-08,1697.5,SL,50.5,303.0,1
BEL-EQ,383,BUY,2025-05-09,32,9929.6,2025-05-12,327.666,SL,17.365999999999985,555.7119999999995,3
TITAN-EQ,3506,BUY,2025-05-09,2,6840.0,2025-05-19,3617.7,MKT,197.69999999999982,395.39999999999964,10
MARICO-EQ,4067,BUY,2025-05-12,13,9438.0,2025-05-14,726.0,T1_SL,0.0,0.0,2
ASHOKLEY-EQ,212,BUY,2025-05-12,43,9804.0,2025-05-13,234.061,SL,6.061000000000007,260.6230000000003,1
HDFCLIFE-EQ,467,BUY,2025-05-13,13,9581.0,2025-05-14,739.14,SL,2.1399999999999864,27.819999999999823,1
ALKEM-EQ,11703,BUY,2025-05-13,1,5066.0,2025-05-14,5160.4,SL,94.39999999999964,94.39999999999964,1
CGPOWER-EQ,760,BUY,2025-05-13,15,9750.0,2025-05-14,682.88,SL,32.879999999999995,493.19999999999993,1
BDL-EQ,2144,BUY,2025-05-13,6,9660.0,2025-05-16,1851.0,T3,241.0,1446.0,3
HAL-EQ,2303,BUY,2025-05-13,2,9216.0,2025-05-14,4736.51,SL,128.51000000000022,257.02000000000044,1
NTPCGREEN-EQ,27176,BUY,2025-05-13,97,9923.1,2025-05-14,104.954,SL,2.6539999999999964,257.43799999999965,1
ABFRL-EQ,30108,BUY,2025-05-14,100,9960.0,2025-05-15,100.492,SL,0.8920000000000101,89.20000000000101,1
OLAELEC-EQ,24777,BUY,2025-05-14,197,9987.900000000001,2025-05-15,52.477,SL,1.776999999999994,350.0689999999988,1
MFSL-EQ,2142,BUY,2025-05-14,7,9205.0,2025-05-23,1470.0,MKT,155.0,1085.0,9
WAAREEENER-EQ,25907,BUY,2025-05-14,3,8202.0,2025-05-15,2945.89,SL,211.88999999999987,635.6699999999996,1
SHREECEM-EQ,3103,BUY,2025-05-14,0,0.0,2025-05-23,31495.0,MKT,1050.0,0.0,9
BAJAJHLDNG-EQ,305,BUY,2025-05-15,0,0.0,2025-05-20,13509.0,T2_SL,1319.0,0.0,5
IDEA-EQ,14366,BUY,2025-05-15,1408,9996.8,2025-05-19,7.0519,SL,-0.04809999999999981,-67.72479999999973,4
COLPAL-EQ,15141,BUY,2025-05-15,3,7941.0,2025-05-20,2647.0,T1_SL,0.0,0.0,5
PAGEIND-EQ,14413,BUY,2025-05-16,0,0.0,2025-05-26,47230.0,MKT,-135.0,-0.0,10
ESCORTS-EQ,958,BUY,2025-05-16,2,7138.0,2025-05-22,3461.93,SL,-107.07000000000016,-214.14000000000033,6
DIXON-EQ,21690,BUY,2025-05-16,0,0.0,2025-05-21,16529.0,T1_SL,0.0,0.0,5
GODREJCP-EQ,10099,BUY,2025-05-16,7,9016.0,2025-05-20,1288.0,T1_SL,0.0,0.0,4
DIVISLAB-EQ,10940,BUY,2025-05-16,1,6282.0,2025-05-19,6659.0,T3,377.0,377.0,3
TATACONSUM-EQ,3432,BUY,2025-05-16,8,9272.0,2025-05-20,1159.0,T1_SL,0.0,0.0,4
TVSMOTOR-EQ,8479,BUY,2025-05-16,3,8385.0,2025-05-20,2768.38,SL,-26.61999999999989,-79.85999999999967,4
APOLLOTYRE-EQ,163,BUY,2025-05-16,20,9816.0,2025-05-21,482.769,SL,-8.031000000000006,-160.62000000000012,5
HINDUNILVR-EQ,1394,BUY,2025-05-19,4,9560.0,2025-05-22,2326.06,SL,-63.940000000000055,-255.76000000000022,3
TATASTEEL-EQ,3499,BUY,2025-05-22,61,9888.1,2025-05-30,161.02,MKT,-1.079999999999984,-65.87999999999903,8
BANKBARODA-EQ,4668,BUY,2025-05-26,41,9999.9,2025-05-27,243.955,SL,0.05500000000000682,2.2550000000002797,1
NYKAA-EQ,6545,BUY,2025-05-26,48,9820.8,2025-06-02,204.6,T1_SL,0.0,0.0,7
SONACOMS-EQ,4684,BUY,2025-05-26,18,9882.0,2025-05-28,532.53,SL,-16.470000000000027,-296.4600000000005,2
HINDPETRO-EQ,1406,BUY,2025-05-26,24,9876.0,2025-05-28,411.5,T1_SL,0.0,0.0,2
SUZLON-EQ,12018,BUY,2025-05-26,158,9938.199999999999,2025-05-27,66.445,SL,3.5449999999999946,560.1099999999991,1
KALYANKJIL-EQ,2955,BUY,2025-05-27,17,9758.0,2025-06-02,556.78,SL,-17.220000000000027,-292.74000000000046,6
PIIND-EQ,24184,BUY,2025-05-27,2,7478.0,2025-06-06,3897.9,MKT,158.9000000000001,317.8000000000002,10
CONCOR-EQ,4749,BUY,2025-05-27,13,9698.0,2025-05-28,773.09,SL,27.090000000000032,352.1700000000004,1
ASIANPAINT-EQ,236,BUY,2025-05-27,4,9352.0,2025-05-30,2267.86,SL,-70.13999999999987,-280.5599999999995,3
OBEROIRLTY-EQ,20242,BUY,2025-05-27,5,8800.0,2025-05-28,1771.22,SL,11.220000000000027,56.100000000000136,1
BHARTIHEXA-EQ,23489,BUY,2025-05-27,5,8585.0,2025-06-02,1820.0,T2_SL,103.0,515.0,6
HUDCO-EQ,20825,BUY,2025-05-27,41,9831.800000000001,2025-05-28,238.814,SL,-0.9860000000000184,-40.426000000000755,1
ASTRAL-EQ,14418,BUY,2025-05-27,6,9084.0,2025-05-29,1514.0,T1_SL,0.0,0.0,2
SBICARD-EQ,17971,BUY,2025-05-27,10,9160.0,2025-06-02,916.0,T1_SL,0.0,0.0,6
M&MFIN-EQ,13285,BUY,2025-05-28,38,9845.800000000001,2025-06-06,275.55,MKT,16.44999999999999,625.0999999999996,9
UNIONBANK-EQ,10753,BUY,2025-05-28,70,9912.0,2025-05-29,149.768,SL,8.168000000000006,571.7600000000004,1
ICICIPRULI-EQ,18652,BUY,2025-05-28,15,9840.0,2025-06-03,642.14,SL,-13.860000000000014,-207.9000000000002,6
MRF-EQ,2277,BUY,2025-05-29,0,0.0,2025-05-30,138976.75,SL,-4298.25,-0.0,1
COCHINSHIP-EQ,21508,BUY,2025-05-29,5,9875.0,2025-05-30,1988.5,SL,13.5,67.5,1
DLF-EQ,14732,BUY,2025-05-29,12,9480.0,2025-05-30,805.1,SL,15.100000000000023,181.20000000000027,1
MOTHERSON-EQ,4204,BUY,2025-05-30,65,9990.5,2025-06-02,153.939,SL,0.23900000000000432,15.53500000000028,3
RECLTD-EQ,15355,BUY,2025-05-30,24,9844.8,2025-06-02,404.781,SL,-5.418999999999983,-130.05599999999959,3
TIINDIA-EQ,312,BUY,2025-05-30,3,9237.0,2025-06-09,3039.6,MKT,-39.40000000000009,-118.20000000000027,10
SWIGGY-EQ,27066,BUY,2025-05-30,30,9936.0,2025-06-02,358.9,SL,27.69999999999999,830.9999999999997,3
MAHABANK-EQ,11377,BUY,2025-05-30,193,9958.800000000001,2025-06-09,56.85,MKT,5.25,1013.25,10
INDIANB-EQ,14309,BUY,2025-05-30,16,9792.0,2025-06-04,629.0,T2_SL,17.0,272.0,5
BANKINDIA-EQ,4745,BUY,2025-05-30,83,9943.4,2025-06-02,123.675,SL,3.875,321.625,3
MUTHOOTFIN-EQ,23650,BUY,2025-05-30,4,8460.0,2025-06-02,2395.9,SL,280.9000000000001,1123.6000000000004,3
YESBANK-EQ,11915,BUY,2025-06-02,461,9980.65,2025-06-03,21.0005,SL,-0.6494999999999997,-299.41949999999986,1
ABCAPITAL-EQ,21614,BUY,2025-06-02,44,9860.4,2025-06-03,239.396,SL,15.295999999999992,673.0239999999997,1
ETERNAL-EQ,5097,BUY,2025-06-02,41,9868.699999999999,2025-06-03,252.394,SL,11.694000000000017,479.4540000000007,1
DABUR-EQ,772,BUY,2025-06-02,20,9736.0,2025-06-12,476.658,SL,-10.141999999999996,-202.83999999999992,10
INDHOTEL-EQ,1512,BUY,2025-06-02,12,9312.0,2025-06-03,759.51,SL,-16.49000000000001,-197.8800000000001,1
GAIL-EQ,4717,BUY,2025-06-02,52,9952.800000000001,2025-06-03,191.575,SL,0.17499999999998295,9.099999999999113,1
FEDERALBNK-EQ,1023,BUY,2025-06-02,48,9820.8,2025-06-06,204.6,T1_SL,0.0,0.0,4
IDFCFIRSTB-EQ,11184,BUY,2025-06-02,145,9961.5,2025-06-03,70.1019,SL,1.4018999999999977,203.27549999999968,1
PNB-EQ,10666,BUY,2025-06-02,94,9982.800000000001,2025-06-03,108.446,SL,2.245999999999995,211.12399999999954,1
BRITANNIA-EQ,547,BUY,2025-06-02,1,5550.0,2025-06-12,5569.5,MKT,19.5,19.5,10
M&M-EQ,2031,BUY,2025-06-03,3,9114.0,2025-06-05,3019.61,SL,-18.389999999999873,-55.16999999999962,2
HDFCBANK-EQ,1333,BUY,2025-06-03,5,9750.0,2025-06-12,1943.4,MKT,-6.599999999999909,-32.999999999999545,9
BIOCON-EQ,11373,BUY,2025-06-03,29,9807.8,2025-06-04,334.844,SL,-3.3559999999999945,-97.32399999999984,1
PREMIERENE-EQ,25049,BUY,2025-06-03,9,9819.0,2025-06-04,1065.06,SL,-25.940000000000055,-233.4600000000005,1
LICHSGFIN-EQ,1997,BUY,2025-06-03,16,9696.0,2025-06-04,606.25,SL,0.25,4.0,1
UNITDSPR-EQ,10447,BUY,2025-06-04,6,9558.0,2025-06-11,1593.0,T1_SL,0.0,0.0,7
JUBLFOOD-EQ,18096,BUY,2025-06-04,14,9408.0,2025-06-12,672.21,SL,0.21000000000003638,2.9400000000005093,8
SRF-EQ,3273,BUY,2025-06-04,3,8952.0,2025-06-05,3033.19,SL,49.190000000000055,147.57000000000016,1
LTIM-EQ,17818,BUY,2025-06-04,1,5130.0,2025-06-05,5281.65,SL,151.64999999999964,151.64999999999964,1
UPL-EQ,11287,BUY,2025-06-04,15,9585.0,2025-06-09,639.0,T1_SL,0.0,0.0,5
JSWENERGY-EQ,17869,BUY,2025-06-04,19,9652.0,2025-06-05,509.25,SL,1.25,23.75,1
POLICYBZR-EQ,6656,BUY,2025-06-04,5,9040.0,2025-06-13,1890.4,MKT,82.40000000000009,412.00000000000045,9
TORNTPOWER-EQ,13786,BUY,2025-06-04,7,9961.0,2025-06-11,1423.0,T1_SL,0.0,0.0,7
INDIGO-EQ,11195,BUY,2025-06-05,1,5458.0,2025-06-12,5458.0,T1_SL,0.0,0.0,7
DMART-EQ,19913,BUY,2025-06-05,2,8340.0,2025-06-10,4044.9,SL,-125.09999999999991,-250.19999999999982,5
EXIDEIND-EQ,676,BUY,2025-06-05,25,9815.0,2025-06-06,393.626,SL,1.0259999999999536,25.64999999999884,1
BHARTIARTL-EQ,10604,BUY,2025-06-05,5,9425.0,2025-06-12,1844.2,MKT,-40.799999999999955,-203.99999999999977,7
CIPLA-EQ,694,BUY,2025-06-05,6,8964.0,2025-06-12,1502.8,MKT,8.799999999999955,52.79999999999973,7
PRESTIGE-EQ,20302,BUY,2025-06-05,6,9660.0,2025-06-12,1640.2,MKT,30.200000000000045,181.20000000000027,7
HDFCAMC-EQ,4244,BUY,2025-06-05,2,9782.0,2025-06-12,5031.2,MKT,140.19999999999982,280.39999999999964,7
DRREDDY-EQ,881,BUY,2025-06-06,7,9121.0,2025-06-09,1322.11,SL,19.1099999999999,133.7699999999993,3
NHPC-EQ,17400,BUY,2025-06-06,113,9977.9,2025-06-12,89.2,T2_SL,0.9000000000000057,101.70000000000064,6
NMDC-EQ,15332,BUY,2025-06-06,140,9984.8,2025-06-12,72.4687,SL,1.1487000000000052,160.81800000000072,6
POLYCAB-EQ,9590,BUY,2025-06-06,1,6020.0,2025-06-12,6020.0,T1_SL,0.0,0.0,6
LODHA-EQ,3220,BUY,2025-06-06,6,8880.0,2025-06-10,1480.0,T1_SL,0.0,0.0,4
JIOFIN-EQ,18143,BUY,2025-06-06,34,9962.0,2025-06-12,296.0,MKT,3.0,102.0,6
ICICIGI-EQ,21770,BUY,2025-06-06,5,9485.0,2025-06-09,2030.0,T3,133.0,665.0,3
SHRIRAMFIN-EQ,4306,BUY,2025-06-06,15,9930.0,2025-06-12,670.27,SL,8.269999999999982,124.04999999999973,6
TECHM-EQ,13538,BUY,2025-06-06,6,9420.0,2025-06-09,1608.26,SL,38.25999999999999,229.55999999999995,3
BAJAJHFL-EQ,25270,BUY,2025-06-06,80,9960.0,2025-06-12,124.5,T1_SL,0.0,0.0,6
LT-EQ,11483,BUY,2025-06-06,2,7298.0,2025-06-12,3649.0,T1_SL,0.0,0.0,6
LUPIN-EQ,10440,BUY,2025-06-06,5,10000.0,2025-06-12,2023.2,MKT,23.200000000000045,116.00000000000023,6
SAIL-EQ,2963,BUY,2025-06-06,74,9916.0,2025-06-12,129.98,SL,-4.02000000000001,-297.48000000000076,6
HINDALCO-EQ,1363,BUY,2025-06-06,15,9615.0,2025-06-12,651.05,MKT,10.049999999999955,150.74999999999932,6
INDUSINDBK-EQ,5258,BUY,2025-06-06,12,9936.0,2025-06-12,829.9,MKT,1.8999999999999773,22.799999999999727,6
JINDALSTEL-EQ,6733,BUY,2025-06-06,10,9610.0,2025-06-11,961.0,T1_SL,0.0,0.0,5
POWERGRID-EQ,14977,BUY,2025-06-06,33,9748.199999999999,2025-06-12,289.0,MKT,-6.399999999999977,-211.19999999999925,6
ICICIBANK-EQ,4963,BUY,2025-06-06,6,8760.0,2025-06-13,1416.2,SL,-43.799999999999955,-262.7999999999997,7
TRENT-EQ,1964,BUY,2025-06-09,1,5806.0,2025-06-11,5806.0,T1_SL,0.0,0.0,2
LTF-EQ,24948,BUY,2025-06-09,52,9984.0,2025-06-11,192.0,T1_SL,0.0,0.0,2
HEROMOTOCO-EQ,1348,BUY,2025-06-09,2,8594.0,2025-06-12,4418.0,T2_SL,121.0,242.0,3
VEDL-EQ,3063,BUY,2025-06-09,22,9891.2,2025-06-13,453.669,SL,4.06899999999996,89.51799999999912,4
IGL-EQ,11262,BUY,2025-06-09,47,9964.0,2025-06-11,215.4,T2_SL,3.4000000000000057,159.80000000000027,2
MARUTI-EQ,10999,BUY,2025-06-09,0,0.0,2025-06-12,12390.0,MKT,-100.0,-0.0,3
BHARATFORG-EQ,422,BUY,2025-06-09,7,9100.0,2025-06-12,1305.0,MKT,5.0,35.0,3
MOTILALOFS-EQ,14947,BUY,2025-06-09,11,9680.0,2025-06-11,853.6,SL,-26.399999999999977,-290.39999999999975,2
PFC-EQ,14299,BUY,2025-06-09,23,9694.5,2025-06-12,421.562,SL,0.06200000000001182,1.426000000000272,3
HINDZINC-EQ,1424,BUY,2025-06-09,19,9709.0,2025-06-12,517.25,MKT,6.25,118.75,3
VMM-EQ,27969,BUY,2025-06-09,77,9886.800000000001,2025-06-11,128.4,T2_SL,0.0,0.0,2
AUBANK-EQ,21238,BUY,2025-06-09,13,9828.0,2025-06-12,778.7,MKT,22.700000000000045,295.1000000000006,3
VOLTAS-EQ,3718,BUY,2025-06-09,7,8974.0,2025-06-12,1289.9,MKT,7.900000000000091,55.30000000000064,3
TATACOMM-EQ,3721,BUY,2025-06-09,5,8625.0,2025-06-12,1700.7,MKT,-24.299999999999955,-121.49999999999977,3
ADANIGREEN-EQ,3563,BUY,2025-06-09,9,9216.0,2025-06-11,1038.0,T2_SL,14.0,126.0,2
ACC-EQ,22,BUY,2025-06-09,5,9565.0,2025-06-11,1913.0,T1_SL,0.0,0.0,2
BANDHANBNK-EQ,2263,BUY,2025-06-09,57,9986.4,2025-06-12,177.68,MKT,2.480000000000018,141.36000000000104,3
TATAELXSI-EQ,3411,BUY,2025-06-09,1,6520.0,2025-06-12,6443.71,SL,-76.28999999999996,-76.28999999999996,3
SJVN-EQ,18883,BUY,2025-06-09,95,9918.0,2025-06-11,104.4,T1_SL,0.0,0.0,2
SIEMENS-EQ,3150,BUY,2025-06-09,2,6696.0,2025-06-11,3348.0,T1_SL,0.0,0.0,2
IRCTC-EQ,13611,BUY,2025-06-09,12,9432.0,2025-06-11,786.0,T1_SL,0.0,0.0,2
ONGC-EQ,2475,BUY,2025-06-09,41,9860.5,2025-06-10,244.44,SL,3.9399999999999977,161.5399999999999,1
INDUSTOWER-EQ,29135,BUY,2025-06-09,25,9845.0,2025-06-12,381.986,SL,-11.814000000000021,-295.35000000000053,3
GRASIM-EQ,1232,BUY,2025-06-09,3,7797.0,2025-06-12,2689.1,MKT,90.09999999999991,270.2999999999997,3
MPHASIS-EQ,4503,BUY,2025-06-09,3,7758.0,2025-06-12,2664.3,MKT,78.30000000000018,234.90000000000055,3
CHOLAFIN-EQ,685,BUY,2025-06-09,6,9744.0,2025-06-13,1575.28,SL,-48.72000000000003,-292.32000000000016,4
NAUKRI-EQ,13751,BUY,2025-06-09,6,9150.0,2025-06-11,1525.0,T1_SL,0.0,0.0,2
COFORGE-EQ,11543,BUY,2025-06-09,5,8960.0,2025-06-12,1784.5,MKT,-7.5,-37.5,3
IREDA-EQ,20261,BUY,2025-06-09,55,9845.0,2025-06-13,173.63,SL,-5.3700000000000045,-295.35000000000025,4
ABB-EQ,13,BUY,2025-06-09,1,6118.0,2025-06-11,6118.0,T1_SL,0.0,0.0,2
COALINDIA-EQ,20374,BUY,2025-06-09,24,9715.2,2025-06-12,392.656,SL,-12.144000000000005,-291.45600000000013,3
ADANIENT-EQ,25,BUY,2025-06-09,3,7659.0,2025-06-11,2584.0,T2_SL,31.0,93.0,2
ATGL-EQ,6066,BUY,2025-06-09,14,9660.0,2025-06-12,674.15,SL,-15.850000000000023,-221.90000000000032,3
ADANIENSOL-EQ,10217,BUY,2025-06-09,11,9878.0,2025-06-11,898.0,T1_SL,0.0,0.0,2
ADANIPOWER-EQ,17388,BUY,2025-06-09,17,9588.0,2025-06-12,567.15,MKT,3.1499999999999773,53.54999999999961,3
ZYDUSLIFE-EQ,7929,BUY,2025-06-09,10,9620.0,2025-06-12,978.8,MKT,16.799999999999955,167.99999999999955,3
IRB-EQ,15313,BUY,2025-06-09,190,9992.1,2025-06-12,51.0123,SL,-1.5777,-299.76300000000003,3
SBILIFE-EQ,21808,BUY,2025-06-09,5,8955.0,2025-06-11,1791.0,T1_SL,0.0,0.0,2
GODREJPROP-EQ,17875,BUY,2025-06-09,4,9940.0,2025-06-12,2419.18,SL,-65.82000000000016,-263.28000000000065,3
OIL-EQ,17438,BUY,2025-06-09,23,9883.1,2025-06-10,453.96,SL,24.25999999999999,557.9799999999998,1
AMBUJACEM-EQ,1270,BUY,2025-06-09,17,9469.0,2025-06-12,546.11,SL,-10.889999999999986,-185.12999999999977,3
LICI-EQ,9480,BUY,2025-06-09,10,9680.0,2025-06-11,968.0,T1_SL,0.0,0.0,2
PETRONET-EQ,11351,BUY,2025-06-09,32,9920.0,2025-06-12,302.64,SL,-7.360000000000014,-235.52000000000044,3
NTPC-EQ,11630,BUY,2025-06-09,29,9671.5,2025-06-12,333.7,MKT,0.19999999999998863,5.79999999999967,3
IRFC-EQ,2029,BUY,2025-06-09,67,9916.0,2025-06-12,143.56,SL,-4.439999999999998,-297.47999999999985,3
CANBK-EQ,10794,BUY,2025-06-09,84,9920.4,2025-06-12,115.64,MKT,-2.4599999999999937,-206.63999999999947,3
RVNL-EQ,9552,BUY,2025-06-09,22,9611.8,2025-06-11,423.793,SL,-13.106999999999971,-288.35399999999936,2
SBIN-EQ,3045,BUY,2025-06-09,12,9876.0,2025-06-12,805.95,MKT,-17.049999999999955,-204.59999999999945,3
WIPRO-EQ,3787,BUY,2025-06-09,40,10000.0,2025-06-10,253.752,SL,3.7520000000000095,150.08000000000038,1
GMRAIRPORT-EQ,13528,BUY,2025-06-09,115,9952.1,2025-06-12,83.9438,SL,-2.5962000000000103,-298.5630000000012,3
CUMMINSIND-EQ,1901,BUY,2025-06-09,2,6816.0,2025-06-11,3408.0,T1_SL,0.0,0.0,2
BAJFINANCE-EQ,317,BUY,2025-06-09,1,9434.0,2025-06-12,9368.5,MKT,-65.5,-65.5,3
SUPREMEIND-EQ,3363,BUY,2025-06-09,2,8720.0,2025-06-12,4229.2,SL,-130.80000000000018,-261.60000000000036,3
MAXHEALTH-EQ,22377,BUY,2025-06-09,8,9360.0,2025-06-10,1182.43,SL,12.430000000000064,99.44000000000051,1
TATAPOWER-EQ,3426,BUY,2025-06-09,24,9744.0,2025-06-12,403.52,SL,-2.480000000000018,-59.52000000000044,3
HYUNDAI-EQ,25844,BUY,2025-06-09,5,9585.0,2025-06-12,1956.4,MKT,39.40000000000009,197.00000000000045,3
TATATECH-EQ,20293,BUY,2025-06-09,12,9324.0,2025-06-12,777.0,T1_SL,0.0,0.0,3
PHOENIXLTD-EQ,14552,BUY,2025-06-09,6,9738.0,2025-06-12,1623.0,T1_SL,0.0,0.0,3
SUNPHARMA-EQ,3351,BUY,2025-06-09,5,8470.0,2025-06-11,1694.0,T1_SL,0.0,0.0,2
HAVELLS-EQ,9819,BUY,2025-06-09,6,9156.0,2025-06-13,1501.56,SL,-24.440000000000055,-146.64000000000033,4
OFSS-EQ,10738,BUY,2025-06-09,1,8885.0,2025-06-10,9328.49,SL,443.4899999999998,443.4899999999998,1
KOTAKBANK-EQ,1922,BUY,2025-06-09,4,8496.0,2025-06-12,2124.0,T1_SL,0.0,0.0,3
EICHERMOT-EQ,910,BUY,2025-06-10,1,5407.0,2025-06-12,5315.5,MKT,-91.5,-91.5,2
BHEL-EQ,438,BUY,2025-06-10,38,9880.0,2025-06-12,253.8,MKT,-6.199999999999989,-235.59999999999957,2
PERSISTENT-EQ,18365,BUY,2025-06-10,1,5815.0,2025-06-12,5922.0,MKT,107.0,107.0,2
ITC-EQ,1660,BUY,2025-06-10,23,9742.800000000001,2025-06-12,421.0,MKT,-2.6000000000000227,-59.80000000000052,2
AXISBANK-EQ,5900,BUY,2025-06-10,8,9792.0,2025-06-12,1224.0,T1_SL,0.0,0.0,2
TORNTPHARM-EQ,3518,BUY,2025-06-10,3,9558.0,2025-06-12,3258.8,MKT,72.80000000000018,218.40000000000055,2
VBL-EQ,18921,BUY,2025-06-10,20,9610.0,2025-06-12,476.6,MKT,-3.8999999999999773,-77.99999999999955,2
BPCL-EQ,526,BUY,2025-06-10,31,9963.4,2025-06-12,321.4,T1_SL,0.0,0.0,2
TCS-EQ,11536,BUY,2025-06-10,2,6868.0,2025-06-12,3434.2,MKT,0.1999999999998181,0.3999999999996362,2
KPITTECH-EQ,9683,BUY,2025-06-10,7,9548.0,2025-06-12,1364.0,T1_SL,0.0,0.0,2
GLENMARK-EQ,7406,BUY,2025-06-10,6,9666.0,2025-06-11,1612.14,SL,1.1400000000001,6.8400000000006,1
JSWSTEEL-EQ,11723,BUY,2025-06-10,9,9153.0,2025-06-12,995.65,MKT,-21.350000000000023,-192.1500000000002,2
INFY-EQ,1594,BUY,2025-06-10,6,9528.0,2025-06-12,1608.6,MKT,20.59999999999991,123.59999999999945,2
BOSCHLTD-EQ,2181,BUY,2025-06-10,0,0.0,2025-06-12,31520.0,MKT,-360.0,-0.0,2
ADANIPORTS-EQ,15083,BUY,2025-06-10,6,8892.0,2025-06-12,1445.8,MKT,-36.200000000000045,-217.20000000000027,2
NESTLEIND-EQ,17963,BUY,2025-06-10,4,9688.0,2025-06-13,2365.83,SL,-56.17000000000007,-224.6800000000003,3
HCLTECH-EQ,7229,BUY,2025-06-10,5,8380.0,2025-06-12,1701.2,MKT,25.200000000000045,126.00000000000023,2
TATAMOTORS-EQ,3456,BUY,2025-06-10,13,9438.0,2025-06-12,738.0,T2_SL,12.0,156.0,2
ULTRACEMCO-EQ,11532,BUY,2025-06-10,0,0.0,2025-06-12,11323.0,MKT,5.0,0.0,2
PIDILITIND-EQ,2664,BUY,2025-06-10,3,9213.0,2025-06-12,3046.9,MKT,-24.09999999999991,-72.29999999999973,2
NATIONALUM-EQ,6364,BUY,2025-06-10,52,9984.0,2025-06-12,187.06,MKT,-4.939999999999998,-256.8799999999999,2
RELIANCE-EQ,2885,BUY,2025-06-11,6,8646.0,2025-06-12,1441.6,MKT,0.599999999999909,3.5999999999994543,1
AUROPHARMA-EQ,275,BUY,2025-06-11,8,9400.0,2025-06-12,1155.2,MKT,-19.799999999999955,-158.39999999999964,1
MANKIND-EQ,15380,BUY,2025-06-11,4,9540.0,2025-06-12,2390.0,MKT,5.0,20.0,1
PAYTM-EQ,6705,BUY,2025-06-11,10,9750.0,2025-06-12,945.75,SL,-29.25,-292.5,1
IOC-EQ,1624,BUY,2025-06-11,68,9914.400000000001,2025-06-12,142.99,MKT,-2.8100000000000023,-191.08000000000015,1
BAJAJ-AUTO-EQ,16669,BUY,2025-06-11,1,8705.0,2025-06-12,8567.0,MKT,-138.0,-138.0,1
BAJAJFINSV-EQ,16675,BUY,2025-06-12,4,8180.0,2025-06-13,1983.65,SL,-61.34999999999991,-245.39999999999964,1
APOLLOHOSP-EQ,157,BUY,2025-06-12,1,6992.0,2025-06-13,6994.5,MKT,2.5,2.5,1
